MES,PET_M,Ocupados_M,Desocupados_M,PEA_M,Informales_M,TD_%,TGP_%,TO_%,Tasa_Informalidad_%,Año,Ciudad
1,0.064692000000085,0.029038034982869,0.017279347818349996,0.046317382801219,0.017055036100923,37.30639939762579,71.59677054528866,44.886593369861565,58.733437407126985,2023,Arauca
2,0.064762000000265,0.029009080207637,0.013689524493814,0.042698604701450996,0.018933615536818,32.06082397664109,65.93157206583533,44.79336680077561,65.26789336751702,2023,Arauca
3,0.064824000000042,0.029725889377041,0.013306986707494998,0.043032876084536,0.020527151775717,30.922838346556404,66.38417265905856,45.856302259998984,69.05479434223855,2023,Arauca
4,0.064902999999902,0.031218815917629997,0.01082293148317,0.0420417474008,0.019968468123472,25.743296014770433,64.7762775231707,48.10072865303166,63.96292600000674,2023,Arauca
5,0.06497899999993399,0.030191732719006003,0.01577858300963,0.045970315728636,0.020206703869847,34.323416664726416,70.74641919494407,46.46383095928942,66.92793705452577,2023,Arauca
6,0.065062000000064,0.031370592186744,0.011622894768548,0.042993486955291996,0.017852635765534,27.034082582402302,66.08079517268098,48.2164584345903,56.90882613646623,2023,Arauca
7,0.065146000000142,0.035251904525472,0.012621975284851,0.047873879810323,0.024290701440517,26.365056132612285,73.48705954351557,54.11215504466147,68.90606838834834,2023,Arauca
8,0.065235000000002,0.032116721828554,0.013172979648741001,0.045289701477295,0.017840085593898,29.086037706265273,69.42546405655493,49.23234740331572,55.547654237976815,2023,Arauca
9,0.065331999999769,0.032474629619576,0.011563323013761999,0.044037952633338,0.015028648879401,26.257630798685742,67.40640518198387,49.70708017463237,46.278122508105824,2023,Arauca
10,0.065426999999989,0.032335263337719,0.01083106202417,0.043166325361889,0.017965305506071002,25.091461766473657,65.9763176699165,49.421895146842196,55.55948414100131,2023,Arauca
11,0.065525999999887,0.033403333149294,0.012356055568111,0.045759388717405,0.017802144116865003,27.002230393456415,69.83394182077942,50.97721995750024,53.294514165096906,2023,Arauca
12,0.06512608333334842,0.031635621265146,0.013007152695296,0.044642773960442,0.019430922725056917,29.136076326309045,68.5482247288503,48.575961651522626,61.42102461716028,2023,Arauca
1,0.06521225000001242,0.031860565484950414,0.012706934341342083,0.044567499826292496,0.01966815516463275,28.51166071883991,68.34222071203494,48.8567186148988,61.731971373587704,2024,Arauca
2,0.06530108333332992,0.03198560913092817,0.013000687805998584,0.044986296936926747,0.01964309714737325,28.899217520006726,68.89058288251333,48.9817434844953,61.41229659553225,2024,Arauca
3,0.065392583333339,0.03206925562595008,0.013101204179155416,0.045170459805105506,0.019724469159637003,29.003920340156952,69.07581487467604,49.0411205541107,61.50585280088692,2024,Arauca
4,0.06548608333334709,0.031875660157024914,0.013579491430576166,0.045455151587601085,0.01972094305100292,29.874482773213934,69.41192582280185,48.67547200031287,61.86834391461763,2024,Arauca
5,0.06558125000003008,0.03193069392882358,0.013472930739842834,0.04540362466866641,0.0195451468206315,29.67368979494861,69.232630772737,48.68875468035289,61.21115583707455,2024,Arauca
6,0.06567750000003535,0.03198555964400016,0.013672056721785751,0.04565761636578592,0.01936743961838475,29.944744842245136,69.5178963355203,48.70093965815226,60.550572927110515,2024,Arauca
7,0.06577433333334766,0.03163391942598,0.013895670432494,0.045529589858473996,0.0190175840324525,30.52008699328911,69.22090662284288,48.094625704007804,60.11769764082386,2024,Arauca
8,0.0658711666666875,0.031659745220738,0.01393172988229225,0.04559147510303025,0.019053128558211837,30.557751971851143,69.21309794576153,48.06313114346133,60.18092825880203,2024,Arauca
9,0.06596691666670067,0.031422836688079415,0.014392422787157334,0.04581525947523676,0.019097272047957334,31.414037488833756,69.45187343940809,47.63423588045506,60.77513700474434,2024,Arauca
10,0.06606158333337075,0.03163250462605867,0.014458827308634,0.04609133193469267,0.01960706516255475,31.369948972446437,69.7702501347857,47.883358269555174,61.9839162100448,2024,Arauca
11,0.06615500000004633,0.03201778814404767,0.014485319969172917,0.04650310811322058,0.020175750875817168,31.1491436957411,70.29416992394832,48.398137924609244,63.014193188632184,2024,Arauca
12,0.06624675000004883,0.03202851838285833,0.014395326717812915,0.04642384510067125,0.019835429180719,31.008475680108567,70.07716620156766,48.34730516264529,61.93052374016441,2024,Arauca
1,0.06633641666670108,0.0321758919768415,0.014194519238145168,0.04637041121498667,0.01998100935793625,30.611156697177567,69.90189332651012,48.5041152260382,62.099317626742156,2025,Arauca
2,0.0664242500000265,0.032495611942930665,0.013813188987608332,0.046308800930539,0.02004648995645175,29.828431550899925,69.71670877807506,48.92130802066671,61.68983674367398,2025,Arauca
3,0.06651000000002892,0.032855890225987,0.013519340259656084,0.04637523048564309,0.02019169456332742,29.152071306344062,69.7267034816162,49.399925163092334,61.45532634923714,2025,Arauca
4,0.066593583333368,0.033365609520413335,0.013207282038535833,0.04657289155894917,0.0199725439219495,28.35830371798764,69.9360046835217,50.103340067142554,59.85967050813247,2025,Arauca
5,0.06667516666667783,0.03413987425799033,0.012638936646032502,0.04677881090402284,0.020219455210438834,27.018507742670284,70.15927104896377,51.203282968398454,59.2253359155432,2025,Arauca
6,0.06675524999999809,0.03456031011261258,0.01249461075566475,0.04705492086827734,0.020886408527068582,26.553249957940416,70.48871941649337,51.771673557680586,60.43466756811945,2025,Arauca
7,0.0668337500000125,0.034963349527515834,0.012138344076751252,0.04710169360426709,0.0211206502127485,25.770504514622385,70.47591015655755,52.31391254794067,60.40797148490233,2025,Arauca
8,0.06691141666667884,0.03542942917116042,0.011771570833757085,0.047201000004917504,0.021292422851527836,24.939240339252763,70.5425207779573,52.94975197977521,60.09812562506619,2025,Arauca
9,0.06698875000002,0.03583915999097558,0.011368748846203751,0.04720790883717934,0.021626688994998252,24.082297068939667,70.47139831264988,53.50026682236179,60.34373852636033,2025,Arauca
10,0.06706591666667,0.036225296612991086,0.010835417803297916,0.047060714416289,0.021394636352308833,23.024337683125953,70.1708360301544,54.01446578749904,59.05993422462773,2025,Arauca
11,0.0671425833333515,0.03638989248508025,0.010024781296748915,0.046414673781829174,0.021222911259092,21.598301743690172,69.12851945446933,54.19793323174746,58.32089574816231,2025,Arauca
12,0.067219000000009,0.03709566547393258,0.009574648932087584,0.04667031440602017,0.02154826229954042,20.515501243018228,69.43024205360676,55.18627988206849,58.08835621154324,2025,Arauca
1,0.06729608333333449,0.03737514908676442,0.00924565703268425,0.04662080611944867,0.021770973582385833,19.83161125312946,69.27714632146427,55.5383719757298,58.24986418608171,2026,Arauca
2,0.06737341666667616,0.037545772805083914,0.008927302135220918,0.04647307494030484,0.022120364136379665,19.209622231126588,68.97835561795262,55.72787408250082,58.91572468414991,2026,Arauca
3,0.06745133333332616,0.03767575695080725,0.00845693414646925,0.046132691097276496,0.022353232539490498,18.33175985471291,68.39403880913855,55.85620785970812,59.33054661297669,2026,Arauca
4,0.06752999999999133,0.038057612457052754,0.00781222042117125,0.045869832878224,0.023008143280526916,17.031281631025916,67.92511902595867,56.35660070643809,60.456086956298535,2026,Arauca
2,0.25146599999978003,0.127602833318923,0.011238925041013,0.138841758359936,0.052565387893511006,8.094772908217568,55.21293469497167,50.74357301545124,41.194530345679844,2022,Armenia
3,0.251750999999793,0.126935349620888,0.01700866972543,0.143944019346318,0.060728609890044,11.81616978785932,57.17713905662196,50.42099122585108,47.84215750097932,2022,Armenia
4,0.25206499999979803,0.124208013603678,0.016599804617454,0.140807818221132,0.057256042451542005,11.788979352968026,55.86170956747062,49.276184160346546,46.09689889593932,2022,Armenia
5,0.252374000000123,0.12294453040643298,0.01898400708573,0.14192853749216303,0.054948711656069,13.375750515838474,56.2373847908635,48.715212504605496,44.693905027265735,2022,Armenia
6,0.252692000000188,0.129551908455804,0.020348637605892,0.14990054606169598,0.057078231700928,13.574758825439448,59.32144510375653,51.26870199915613,44.05819441895753,2022,Armenia
7,0.25300199999988704,0.125228623829055,0.021662728427512,0.146891352256567,0.055483899750313995,14.747449795189379,58.05936405903217,49.49708849302018,44.30608438694737,2022,Armenia
8,0.253327000000027,0.126993913449452,0.016059816120206,0.143053729569658,0.052534961155141995,11.226422525660821,56.46998921143137,50.13042962236101,41.36809373628189,2022,Armenia
9,0.253648999999858,0.122577827835615,0.017409979858128997,0.13998780769374403,0.053782592444843,12.436782991999838,55.18957602585557,48.32576822131513,43.8762812121039,2022,Armenia
10,0.253966999999487,0.127218945987677,0.017151974397113003,0.14437092038479,0.049245757258776994,11.880491134501368,56.84633058038312,50.09270731549137,38.70945233546202,2022,Armenia
11,0.254291999999636,0.126377723894627,0.019964934130394997,0.14634265802502203,0.054178844087498,13.642593622278845,57.549060932011834,49.69787641561981,42.870564857357294,2022,Armenia
12,0.254610999999827,0.12475810453533398,0.018039405392378,0.142797509927712,0.055211881317775005,12.632857114602375,56.08457997800921,48.999495126062406,44.25514600707796,2022,Armenia
1,0.25317741666651356,0.12558732024265248,0.017855695835717,0.1434430160783695,0.05485213471191408,12.4479366956155,56.65711340570052,49.604471795395824,43.67649107085969,2023,Armenia
2,0.25349349999990184,0.12546441661455252,0.018571343915771085,0.1440357605303236,0.055410723482881084,12.893564658799638,56.82029737661098,49.49413559503542,44.164492991755594,2023,Armenia
3,0.2538106666665761,0.12553654083284332,0.01860604719745933,0.14414258803030267,0.055017191366328745,12.908084592978057,56.79138309015938,49.46070331935936,43.825639133697514,2023,Armenia
4,0.254128249999917,0.12611258589809274,0.018506941712380747,0.1446195276104735,0.054923162027506245,12.796986698939024,56.908087790523375,49.62556736534955,43.55089671374098,2023,Armenia
5,0.25444599999988193,0.12622780732265168,0.01826118491402033,0.144488992236672,0.054513653510961914,12.638460986777893,56.785719656327494,49.60887863150148,43.18672301073821,2023,Armenia
6,0.25476383333317193,0.12637159321002908,0.01842935202825317,0.14480094523828224,0.05463015961654466,12.727369975331381,56.83732394186275,49.60342743970428,43.22977832980989,2023,Armenia
7,0.25508116666653197,0.1272413532031154,0.018450277800762416,0.14569163100387783,0.05554301677363017,12.663924258127999,57.115792948501266,49.88269219007385,43.65170235573245,2023,Armenia
8,0.25539741666651666,0.1278627576052424,0.018356422310016166,0.1462191799152586,0.05594981466615859,12.554045454676082,57.25162839300886,50.06423294100828,43.75770999628795,2023,Armenia
9,0.2557127499998615,0.12874472521988692,0.018173456400381333,0.14691818162026823,0.05627118813145925,12.369780377049125,57.45438255243347,50.347401613707824,43.707567852082505,2023,Armenia
10,0.2560264166665457,0.1290958827658425,0.01827349241137725,0.14736937517721974,0.056899830948301755,12.399789569170919,57.5602225332696,50.42287606359766,44.07563566648223,2023,Armenia
11,0.25633858333324167,0.1303482042437595,0.018273403986029835,0.14862160822978934,0.05777577537734684,12.295253835348525,57.97863368722,50.8500135051094,44.3241820725834,2023,Armenia
12,0.25664833333327813,0.1311776950816205,0.017965890183175418,0.1491435852647959,0.05738883276374649,12.046036141130715,58.11204122300735,51.111843734935114,43.74892601065935,2023,Armenia
1,0.2569562499999853,0.13226405442480615,0.018004288625369833,0.15026834305017597,0.05776366040335951,11.981424869613447,58.480127667719536,51.47337510755769,43.67298481402512,2024,Armenia
2,0.25726199999995225,0.1324402684593814,0.017979178368369,0.1504194468277504,0.05721757328792149,11.95269544433139,58.46936074032632,51.48069612278765,43.20255006540535,2024,Armenia
3,0.25756591666663015,0.13263021705152342,0.017876561396581832,0.15050677844810526,0.057264343826310245,11.877578924291221,58.43427593057956,51.493698688086866,43.17594067124577,2024,Armenia
4,0.25786758333329235,0.1330925556648964,0.018059272494071417,0.15115182815896785,0.05679131846455276,11.947769811343798,58.616064185006536,51.612751763712396,42.67054470540283,2024,Armenia
5,0.2581671666666434,0.13411853191926648,0.018214560126864416,0.1523330920461309,0.057292700387595256,11.957060598066581,59.00560246021911,51.95026681779644,42.71795967919106,2024,Armenia
6,0.25846424999997075,0.1340879518074134,0.01786785864146617,0.1519558104488796,0.05682023517167109,11.75858862434037,58.79180987269875,51.87872280496377,42.375347229764785,2024,Armenia
7,0.2587595833332537,0.1347261135184029,0.01757615074719125,0.15230226426559418,0.05633134355661499,11.54030823635088,58.858598512058094,52.06613482017034,41.81174835784186,2024,Armenia
8,0.2590528333332655,0.13564098841191316,0.017593930699178584,0.15323491911109174,0.056558190054453415,11.481671933029439,59.15199503491188,52.36035702316143,41.696975756839876,2024,Armenia
9,0.2593441666665817,0.13662775928651716,0.017896123364433834,0.154523882650951,0.05685583428140642,11.581461103238526,59.5825557355258,52.68202521870047,41.61367688258438,2024,Armenia
10,0.2596340833332791,0.13769603214501075,0.017510375650708333,0.1552064077957191,0.05732520388905741,11.281992734317575,59.778903371668854,53.03465183662245,41.631703540075115,2024,Armenia
11,0.2599224166665985,0.13803730247982007,0.017200784647062085,0.15523808712688217,0.05729920356076159,11.080260627666206,59.724778307984685,53.10711721216413,41.509941538547714,2024,Armenia
12,0.2602094166665481,0.1384554667490115,0.017314289008998583,0.15576975575801008,0.058029502945750926,11.11530856856225,59.863227762285455,53.209245277406204,41.91203446733188,2024,Armenia
1,0.2604950833331941,0.1386825351258994,0.017066535549963915,0.15574907067586333,0.05835075473953383,10.957712605221177,59.78963928338247,53.23806244301099,42.0750563050795,2025,Armenia
2,0.26077924999983015,0.13955397491134067,0.017169747917702333,0.15672372282904298,0.05937592030163217,10.955423727671016,60.09823359379439,53.51421745074869,42.54692160460065,2025,Armenia
3,0.26106141666648486,0.14098969522707316,0.016845698024718667,0.15783539325179183,0.06019592346021058,10.672953434370099,60.45910394082941,54.006331930387276,42.695264617219784,2025,Armenia
4,0.26134283333317004,0.1412830209096254,0.01660773194557375,0.15789075285519918,0.06100808084482184,10.518495634006266,60.41518370389514,54.06041524372406,43.18146685428457,2025,Armenia
5,0.2616229999998532,0.14117274742038258,0.016695326527042916,0.1578680739474255,0.06147421049302151,10.575492631019829,60.341817786476746,53.96037329304448,43.5453808304547,2025,Armenia
6,0.2619022499999085,0.14193794323282793,0.016372815081585165,0.15831075831441307,0.06194142323153367,10.342199895895853,60.44650563882838,54.19500719557679,43.63979202511625,2025,Armenia
7,0.2621802499999482,0.14238520258398227,0.016237375073670835,0.15862257765765309,0.06229988552161118,10.236484183679782,60.501345031780396,54.30813441668867,43.75446632866585,2025,Armenia
8,0.2624573333332559,0.14260108966431323,0.01625584647393492,0.15885693613824817,0.06249619462838075,10.233010197167577,60.526766054023405,54.33305591169941,43.82588855071056,2025,Armenia
9,0.26273316666662516,0.14278532653076476,0.015691433401872002,0.15847675993263677,0.06258926098256133,9.901409776765952,60.318520856456445,54.34613693517465,43.83451892661796,2025,Armenia
10,0.26300791666659046,0.14265584415206825,0.0159097131992145,0.15856555735128275,0.0625619374044775,10.033523966348167,60.28927165424185,54.24013313367675,43.855152080406704,2025,Armenia
11,0.2632813333332817,0.143036707174474,0.015542853699284251,0.15857956087375827,0.06292412423663767,9.801296972727512,60.23198031780556,54.32846505430264,43.99159172469188,2025,Armenia
12,0.2635538333332783,0.1429508769637755,0.015804948817671582,0.1587558257814471,0.06286663507119059,9.955507925378205,60.23658384080175,54.23972596255364,43.97778901847612,2025,Armenia
1,0.263824999999942,0.14246516390146877,0.016307370450550335,0.15877253435201907,0.06218437355637641,10.270901398093704,60.181004208112945,53.999872605515044,43.648827442043405,2026,Armenia
2,0.2640949166666348,0.14288231147069783,0.016212470390268,0.15909478186096584,0.06196817988955325,10.190447606531938,60.24151614466328,54.10263600456088,43.37008496832838,2026,Armenia
3,0.26436391666667175,0.14275189550841416,0.016727703247733167,0.15947959875614734,0.06187080067436817,10.488929855730765,60.32578150868835,53.998252601320615,43.34149151155849,2026,Armenia
4,0.26463174999998645,0.1433567895017752,0.016761170809366666,0.1601179603111418,0.06156740027347884,10.468014192034609,60.505952256730346,54.172180587470145,42.9469720181732,2026,Armenia
2,1.5197579999995703,0.85916302485023,0.10355343897662,0.96271646382685,0.49551292018447,10.756379771982862,63.34669492294972,56.53288384403786,57.673911219683625,2022,Barranquilla A.M.
3,1.5214570000015102,0.8371930939221001,0.1297127140006,0.9669058079227,0.49320325554608,13.415237858512272,63.55130693287686,55.02574794563824,58.911529386310505,2022,Barranquilla A.M.
4,1.52331100000131,0.84475263417429,0.12341476945244,0.96816740362673,0.5036406695394,12.747255174067156,63.55677886038357,55.455034078632906,59.61989926574037,2022,Barranquilla A.M.
5,1.52509600000053,0.80465614622992,0.10289927095418999,0.9075554171841099,0.42555710066095,11.338070271615763,59.50808455230323,52.76101610847057,52.8868265848494,2022,Barranquilla A.M.
6,1.52693100000022,0.9062670603859101,0.10660168968885,1.01286875007476,0.48143244098635996,10.524728863535548,66.33362935683498,59.35219472168549,53.122579649022505,2022,Barranquilla A.M.
7,1.52870100000121,0.8694936149268699,0.13270633632437998,1.00219995125125,0.50056823157466,13.241502971407618,65.55892560091586,56.87793851944767,57.57008711521833,2022,Barranquilla A.M.
8,1.53053500000098,0.89409815862411,0.11691296136481001,1.01101111998892,0.52124981786967,11.563963941968442,66.05606013506863,58.417361159564294,58.29894769851661,2022,Barranquilla A.M.
9,1.53237899999982,0.89380975772048,0.11315263480206,1.0069623925225402,0.52259203840096,11.237026888223848,65.71235918285609,58.32824371259231,58.46792719445669,2022,Barranquilla A.M.
10,1.5341790000007,0.89725055525976,0.10534839373074001,1.0025989489905,0.5536563697455199,10.507530836414054,65.35084556561148,58.48408531594753,61.705882097251276,2022,Barranquilla A.M.
11,1.53605599999903,0.89926811591842,0.10958066114886,1.00884877706728,0.50614274198,10.86195113081374,65.67786441821895,58.543966881349895,56.2838527265117,2022,Barranquilla A.M.
12,1.5378870000006,0.93356279148679,0.12772627358104,1.06128906506783,0.56807721852165,12.035012682701735,69.00956084988142,60.704251449321426,60.85045630588293,2022,Barranquilla A.M.
1,1.529674666667,0.8762172255158417,0.11729056333572833,0.99350778885157,0.50582593774693,11.805701440077138,64.94896009596071,57.28127977859676,57.72837180291028,2023,Barranquilla A.M.
2,1.5315080833336994,0.8766072663082101,0.11908137113151751,0.9956886374397276,0.5058714462956834,11.959699714733956,65.01360641024952,57.238174309864654,57.707877374338565,2023,Barranquilla A.M.
3,1.53334891666686,0.8831478169230983,0.1177054490427825,1.0008532659658809,0.5101729009912708,11.760510061301542,65.27237571873079,57.5960114050789,57.76755501346555,2023,Barranquilla A.M.
4,1.5352028333334857,0.8885561468283633,0.11797743004140665,1.00653357686977,0.5096621059364583,11.721161891916806,65.56355649007098,57.87874589177142,57.358458185862574,2023,Barranquilla A.M.
5,1.5370740833334742,0.8928160637252134,0.12247387028760999,1.0152899340128234,0.513786360412575,12.062945389751407,66.05341570856169,58.0854282435724,57.54672001182829,2023,Barranquilla A.M.
6,1.538967583333476,0.8987933847834958,0.12016824757679168,1.0189616323602875,0.5160161457010991,11.793206315181672,66.21072746400341,58.40235977139084,57.41209875786956,2023,Barranquilla A.M.
7,1.54088666666669,0.90116573700197,0.11632322328786165,1.0174889602898316,0.5159093937788392,11.432381856479996,66.0326928839553,58.483583283344856,57.249113297980536,2023,Barranquilla A.M.
8,1.5428354999997742,0.9045783189885165,0.11466377504584835,1.019242094034365,0.5149818001178592,11.249905760071789,66.06291429219215,58.630898691963516,56.93059288594301,2023,Barranquilla A.M.
9,1.5448170833332056,0.9070322974874215,0.11301261022644166,1.0200449077138634,0.5137964452792692,11.079179884317726,66.03014160828303,58.71454344163162,56.64588203777764,2023,Barranquilla A.M.
10,1.5468302499998734,0.9116587938179718,0.11072621906865165,1.0223850128866234,0.5140231247905476,10.830188008725296,66.09548868640933,58.937222996385444,56.383279388755724,2023,Barranquilla A.M.
11,1.5488775833333983,0.9145485868662749,0.10983560950598249,1.0243841963722573,0.5151058207737942,10.722110893056833,66.1371955663301,59.04589211615034,56.32350518837036,2023,Barranquilla A.M.
12,1.550956999999775,0.9128073218106941,0.1060447454965975,1.0188520673072916,0.51201386619183,10.408257380962235,65.6918320306391,58.854457074620804,56.092217268390385,2023,Barranquilla A.M.
1,1.5530679166666232,0.9108854871926675,0.10386127868144834,1.0147467658741158,0.5079580011287367,10.235191889671205,65.33820929429052,58.6507181957449,55.76529742440557,2024,Barranquilla A.M.
2,1.555207416666564,0.9118638556859758,0.10297422936936583,1.0148380850553416,0.506228631879215,10.146862921857174,65.25419530409316,58.63294155582588,55.51581288397377,2024,Barranquilla A.M.
3,1.5573758333332723,0.9096247310821525,0.10330567543899416,1.0129304065211466,0.5008777853349908,10.198694280862965,65.040845301494,58.407528331505596,55.064222444690124,2024,Barranquilla A.M.
4,1.5595650833330457,0.9061094690912476,0.10158228927060751,1.0076917583618548,0.5009907727718208,10.080690690151508,64.6136393492635,58.10013822281424,55.29031423479912,2024,Barranquilla A.M.
5,1.5617681666665975,0.9087451997041233,0.09651374407455582,1.005258943778679,0.5025088226637208,9.600883898806137,64.36672005706717,58.186945994918595,55.296998853730585,2024,Barranquilla A.M.
6,1.5639790833332274,0.90179645416511,0.09943056147781999,1.00122701564293,0.5008896928346233,9.930870813945372,64.01792877619992,57.66039097167195,55.54354206219969,2024,Barranquilla A.M.
7,1.566190333333301,0.9041534740446457,0.10060629711088083,1.0047597711555267,0.5046464340368941,10.012970264044139,64.15310768884078,57.729476092496924,55.81424487365023,2024,Barranquilla A.M.
8,1.5683944166667274,0.9025337865790143,0.10392683909417583,1.00646062567319,0.5051498380684808,10.325971671734541,64.17139814946535,57.54507775519557,55.97018589001669,2024,Barranquilla A.M.
9,1.5705830833331724,0.8998612969845134,0.10764848352286417,1.0075097805073774,0.5014653532663592,10.684609281773213,64.14877322944216,57.29472745082555,55.726960915732036,2024,Barranquilla A.M.
10,1.5727536666664175,0.8996691710158832,0.11019400535158501,1.0098631763674681,0.5033749925140666,10.911775766293285,64.20987582295436,57.20343815333821,55.95112167127707,2024,Barranquilla A.M.
11,1.574899666666309,0.8966427993739324,0.11047818454881418,1.0071209839227466,0.49925195589429744,10.969703373521273,63.948263196638045,56.93332841144818,55.6801388739075,2024,Barranquilla A.M.
12,1.5770199166666732,0.9000170310531267,0.11215440594424834,1.0121714369973749,0.49952362969715997,11.080574085053858,64.18253988426403,57.07074600271892,55.501575243821556,2024,Barranquilla A.M.
1,1.579110333333225,0.9027381596913565,0.1121332809916375,1.0148714406829942,0.5026270293265426,11.049013352486634,64.26855801397858,57.16751645756345,55.67805281416145,2025,Barranquilla A.M.
2,1.5811698333333333,0.9038331982252376,0.11236017906198249,1.01619337728722,0.5015594913933125,11.056968247710266,64.26845212098047,57.162309776668785,55.49248383199159,2025,Barranquilla A.M.
3,1.5831955833334226,0.907248865167845,0.11090449219493169,1.0181533573627768,0.4984077419779467,10.892709962887787,64.31001754180315,57.30491385389227,54.93616593124524,2025,Barranquilla A.M.
4,1.5851915000002743,0.9125188139567265,0.11123031440923749,1.0237491283659643,0.4947720228375309,10.864997227081934,64.5820475548719,57.56520987884232,54.22047362422864,2025,Barranquilla A.M.
5,1.5871614166665928,0.9135029224770449,0.11165843924766335,1.0251613617247084,0.4936400234414242,10.891791616083902,64.59086964688098,57.555766721926304,54.038143863062324,2025,Barranquilla A.M.
6,1.5891075833332866,0.9134485552169332,0.11007088056158083,1.0235194357785142,0.49127736938659416,10.754156366152264,64.40844197795572,57.4818574146439,53.78270802233867,2025,Barranquilla A.M.
7,1.591034583333249,0.9125160081065641,0.11018713793207752,1.0227031460386415,0.48784913269355673,10.774107653709539,64.27912735221997,57.35362497242674,53.461980760844405,2025,Barranquilla A.M.
8,1.5929468333334533,0.9141734315186058,0.10702785984161833,1.0212012913602242,0.48813487980820586,10.480584067716844,64.10768206389064,57.38882255131994,53.39631004122778,2025,Barranquilla A.M.
9,1.5948492500002927,0.9190195100420975,0.10367166201474583,1.0226911720568432,0.49121089182140837,10.137142555581145,64.12462946304521,57.62422436113813,53.44945199247266,2025,Barranquilla A.M.
10,1.5967445833335168,0.9194253689638175,0.10223794863373918,1.0216633175975567,0.4877686362351033,10.007009831198786,63.98414175075106,57.581242395345235,53.05146591558739,2025,Barranquilla A.M.
11,1.5986365000001632,0.9274144724261751,0.10149427998715249,1.0289087524133276,0.4945211176124917,9.86426442083377,64.36164521535838,58.01284234571652,53.32255774689315,2025,Barranquilla A.M.
12,1.6005272500001058,0.9257960576817442,0.10053304963938166,1.0263291073211258,0.48825590114070244,9.795400804892704,64.1244382012901,57.84319246558801,52.73903437905408,2025,Barranquilla A.M.
1,1.6024190833333558,0.9270796219450026,0.09857522997964584,1.0256548519246484,0.4836017240827608,9.610955361315625,64.00665485030788,57.855003824373426,52.163990301951614,2026,Barranquilla A.M.
2,1.604313833333297,0.9278125483569891,0.09926977660274,1.0270823249597292,0.48624970744406587,9.665221004229847,64.020037951412,57.8323597964162,52.40818399202921,2026,Barranquilla A.M.
3,1.6062119166665116,0.9274439430707851,0.0985167236246175,1.0259606666954024,0.4893601983626667,9.60238796892066,63.87455204694616,57.74106974598825,52.76439638415077,2026,Barranquilla A.M.
4,1.6081149166666482,0.9276385341141551,0.09897963211280668,1.0266181662269618,0.4896565565166841,9.641328720743147,63.839850970039414,57.68484108318539,52.78527556903183,2026,Barranquilla A.M.
2,6.4031499999946,3.7543876873945,0.5822530170396,4.3366407044340995,1.2722927336214,13.42636055701506,67.72667678311076,58.6334489649261,33.88815539463789,2022,Bogotá D.C.
3,6.4087520000003,3.7523342211323,0.5970991869942,4.3494334081265,1.3767279927655998,13.728206204481191,67.86708875809668,58.55015486840689,36.68990851113897,2022,Bogotá D.C.
4,6.414904999999799,3.8444731632207993,0.4561493946061,4.3006225578269,1.3371591404273,10.606589824441413,67.04109504080004,59.93032107600844,34.78133631467629,2022,Bogotá D.C.
5,6.4208379999973,3.8605625705568,0.4361876185720999,4.2967501891289,1.3895917814277001,10.151570358353327,66.9188381505764,60.12552521272805,35.9945411071859,2022,Bogotá D.C.
6,6.426964000002499,3.7498369633864996,0.5422847827876,4.2921217461741,1.3192804239274,12.63442220088422,66.78303700117864,58.345386147877,35.182340907321745,2022,Bogotá D.C.
7,6.4329019999985,3.7390195876476002,0.4509322611817999,4.1899518488294,1.3321979314318002,10.762230150873513,65.13315217347284,58.12337243204501,35.629605574491016,2022,Bogotá D.C.
8,6.4390669999991,3.8131766356470997,0.4320959798016,4.2452726154487,1.2081376841428,10.178285800284938,65.92993387783189,59.219396779807276,31.68323420553472,2022,Bogotá D.C.
9,6.445257999999099,3.9951112440839998,0.410394808782,4.405506052866,1.532040048179,9.315497558220759,68.35267188476575,61.98528040436175,38.3478695480047,2022,Bogotá D.C.
10,6.4512779999995,3.8373809166094,0.39042978219349994,4.227810698802901,1.4004277334824,9.234798102574688,65.53446772566967,59.482491943607094,36.49436331485637,2022,Bogotá D.C.
11,6.4575249999962,3.9673101488148004,0.3840596533466,4.3513698021614,1.2527992826382999,8.826178210728747,67.38448247841023,61.437007968488466,31.578052525400942,2022,Bogotá D.C.
12,6.463596999997601,3.838857365522,0.49520271297980006,4.3340600785018,1.1979314390637,11.425838682674238,67.05337722174524,59.3919665091036,31.2054167425626,2022,Bogotá D.C.
1,6.436178333332067,3.8194566043381832,0.4889451932663917,4.308401797604575,1.3171751936217666,11.348644259183068,66.94037322259959,59.34354839979732,34.48593164079162,2023,Bogotá D.C.
2,6.442269166666033,3.8294907204376667,0.4823908772796,4.311881597717267,1.3229725288963,11.187479673258661,66.93109968189559,59.443196509895024,34.54695742793442,2023,Bogotá D.C.
3,6.448372666666017,3.854117554380633,0.47199330846177495,4.326110862842408,1.3190565189947416,10.910337793601032,67.08841263479775,59.768840195976395,34.224605253555055,2023,Bogotá D.C.
4,6.454496333332625,3.8608555727922003,0.47132119965996666,4.332176772452167,1.3116768116572166,10.879546805593115,67.11874248157409,59.81652747796573,33.973734239134,2023,Bogotá D.C.
5,6.460644249999625,3.86779178235185,0.4781304147012417,4.345922197053091,1.3059984974247083,11.001817175315638,67.26762887545377,59.86696732840652,33.765998040116386,2023,Bogotá D.C.
6,6.4668206666660994,3.898059596430142,0.46417983283128333,4.362239429261425,1.3104517292187834,10.640860969657368,67.4557043424297,60.277836627248625,33.61805269521533,2023,Bogotá D.C.
7,6.473026333332867,3.9337673372918665,0.4646977851919583,4.398465122483825,1.3162870415421417,10.564998749598866,67.95067555702525,60.77168753408155,33.46123267290933,2023,Bogotá D.C.
8,6.479262249999049,3.9582982876671586,0.46416151301209996,4.422459800679259,1.3228721086380584,10.495550755278952,68.25560735220908,61.09180543923406,33.420222845754736,2023,Bogotá D.C.
9,6.485528666665842,3.9715991916023747,0.46744675822063336,4.439045949823009,1.3047566137166584,10.53034285980462,68.44539864018651,61.23786349161482,32.85217240640649,2023,Bogotá D.C.
10,6.491823166666168,4.000804407623417,0.4687214147230083,4.469525822346426,1.305184420828325,10.487050155958993,68.8485454332195,61.62836394198955,32.62304996318575,2023,Bogotá D.C.
11,6.4981457499999165,4.0303436355893,0.4665834895193417,4.496927125108642,1.3131795254046417,10.375607087652536,69.20323578628103,62.022979949154745,32.5823216117063,2023,Bogotá D.C.
12,6.504492583333533,4.049825724164717,0.46992791248887494,4.519753636653592,1.3256964359101833,10.397201933263066,69.48664448068648,62.2619777373809,32.73465393831509,2023,Bogotá D.C.
1,6.510862500000457,4.079854307184184,0.45723172245780824,4.5370860296419915,1.3362490808950582,10.07765159114444,69.6848693954399,62.662271046023434,32.752372518353596,2024,Bogotá D.C.
2,6.517251166666809,4.099539560269259,0.4568432659737916,4.55638282624305,1.3415970869599168,10.026446051515828,69.9126473680678,62.90289349652197,32.72555532728657,2024,Bogotá D.C.
3,6.523670749999892,4.121008526201025,0.45477126216000835,4.575779788361034,1.3495295557987168,9.938661456496787,70.14118222261769,63.17008757992719,32.747555536915826,2024,Bogotá D.C.
4,6.530100333333416,4.145067666898458,0.45661927370769995,4.601686940606158,1.3579083465016335,9.922866974682803,70.46885508200359,63.47632433363437,32.759618313244246,2024,Bogotá D.C.
5,6.536534249999884,4.172651442603842,0.45360840920674167,4.626259851810584,1.3734386631374333,9.805078481037171,70.77542432843009,63.83583842774044,32.91525021990268,2024,Bogotá D.C.
6,6.542966083333642,4.182508836946684,0.4617145051474833,4.6442233420941665,1.3770864747465001,9.941694684719613,70.98039762003373,63.923743202649995,32.92489097887481,2024,Bogotá D.C.
7,6.54938908333355,4.189496906342575,0.4617134625740917,4.651210368916667,1.3837190480334833,9.926737901593373,71.01746910643556,63.967751083894655,33.02828666465034,2024,Bogotá D.C.
8,6.555796500000817,4.20416404926565,0.4649489701859,4.66911301945155,1.403305217822975,9.957972065549068,71.22114024513982,64.12895899476328,33.378935773643114,2024,Bogotá D.C.
9,6.562182166667349,4.207984206409175,0.4601130356182666,4.668097242027442,1.4121259173129834,9.856543507187759,71.13635561260513,64.1247697722209,33.55825136325789,2024,Bogotá D.C.
10,6.568543000000496,4.208069315042402,0.46287593980244995,4.6709452548448525,1.4295122059248209,9.909684540240336,71.11082708668421,64.06396844843802,33.97073809632379,2024,Bogotá D.C.
11,6.574874083334218,4.208062550221063,0.4627372212426108,4.670799771463675,1.439071798991982,9.90702329116549,71.0401402713258,64.00217702856891,34.197965971688866,2024,Bogotá D.C.
12,6.581174250000658,4.2179665598382465,0.45362948971674416,4.671596049554991,1.4555336752845982,9.710374889112174,70.98423278421056,64.09139766870365,34.50794724509186,2024,Bogotá D.C.
1,6.587440250000184,4.230706766515671,0.4519212503601108,4.682628016875783,1.4766625095913817,9.651017521174564,71.08418200644252,64.22383514621713,34.9034473690913,2025,Bogotá D.C.
2,6.593672500000182,4.246184414420646,0.4486882279658275,4.694872642386474,1.4925182144813567,9.556984015177727,71.20269686409728,64.39786650642003,35.149632442070875,2025,Bogotá D.C.
3,6.599857000000291,4.243172328854905,0.44907613960311915,4.692248468458025,1.5160755484976152,9.570595901343976,71.09621418248634,64.29188282192655,35.729766104191086,2025,Bogotá D.C.
4,6.6060098333336255,4.24527876082468,0.43830850157244416,4.683587262397125,1.5190234147621482,9.358392979916678,70.8988842063776,64.26388800396869,35.781476325645706,2025,Bogotá D.C.
5,6.612134250000267,4.241114254029029,0.43320432370807743,4.6743185777371075,1.5244674539820648,9.267753502539332,70.69303799657303,64.14138149159416,35.94497489743011,2025,Bogotá D.C.
6,6.61823325,4.247379848464521,0.42727390919313585,4.674653757657658,1.5383168467433401,9.140225808022864,70.63295567072461,64.17694402753969,36.218019146544194,2025,Bogotá D.C.
7,6.624312666666658,4.256337182837046,0.4206089648704608,4.676946147707508,1.533545212604665,8.99323942561601,70.60273847340812,64.25326516145302,36.02969282575695,2025,Bogotá D.C.
8,6.630376750000015,4.26081891346413,0.4136244782486609,4.674443391712791,1.524861040430732,8.848635946302522,70.50041902540124,64.26209360522567,35.78798046573141,2025,Bogotá D.C.
9,6.63643016666675,4.266321311936413,0.41252495632865255,4.678846268265066,1.5259057647394567,8.816809372999945,70.50245615128789,64.28638898914595,35.76631137627262,2025,Bogotá D.C.
10,6.642476916666471,4.283140395120411,0.4026656016010775,4.685805996721489,1.5308908935394943,8.593305012687464,70.54305277244474,64.48107308244747,35.74225340088243,2025,Bogotá D.C.
11,6.648519999999441,4.295847031825283,0.3967132235744,4.692560255399683,1.535856975236175,8.454089068284333,70.58052401737646,64.61358365208564,35.75213372026418,2025,Bogotá D.C.
12,6.6545623333326915,4.310616866088567,0.38714938258439996,4.697766248672967,1.5269975260835669,8.241137640549114,70.59466894076361,64.77686510646528,35.42410688587031,2025,Bogotá D.C.
1,6.6606064166664245,4.310430749450508,0.382536866973125,4.692967616423633,1.5142668135704918,8.151278641565495,70.45856372297739,64.71528986707251,35.130289792117175,2026,Bogotá D.C.
2,6.666653749999759,4.316045406992116,0.3757719935600667,4.691817400552183,1.5077032759627667,8.00909245777216,70.37739736449268,64.74080654019674,34.93251654675005,2026,Bogotá D.C.
3,6.67270466666675,4.317815063219041,0.371273849104875,4.689088912323917,1.485440774853075,7.917824891933459,70.27268771159748,64.70861935173794,34.40260300879216,2026,Bogotá D.C.
4,6.6787607499999915,4.325421438027966,0.374466834094525,4.699888272122491,1.4942042447368167,7.967568852980713,70.37066378103899,64.76383269198513,34.54470890628521,2026,Bogotá D.C.
2,0.97723900000058,0.598705097237046,0.05166752835095,0.650372625587996,0.282774572912216,7.944296287722421,66.55205385659086,61.2649615126587,47.23102813341453,2022,Bucaramanga A.M.
3,0.97803400000096,0.56387686121978,0.06141482669330999,0.62529168791309,0.23869402127114,9.821788435774971,63.93353277212002,57.65411644372552,42.33087712710829,2022,Bucaramanga A.M.
4,0.97889299999945,0.5716393392421599,0.06205460841945,0.63369394766161,0.27955994468275,9.792520292869659,64.73577272101916,58.396509040567366,48.904952037305776,2022,Bucaramanga A.M.
5,0.979711999999949,0.583370341244575,0.040039928379031996,0.6234102696236069,0.29370920165957803,6.422725182760734,63.63199283295901,59.54508480498405,50.346954737701,2022,Bucaramanga A.M.
6,0.9805530000004279,0.576633604388974,0.057668860119229996,0.634302464508204,0.27562984441756,9.091697312565637,64.68823862737936,58.80697977454788,47.79982337478047,2022,Bucaramanga A.M.
7,0.98136700000055,0.60240179591306,0.05509569501383,0.65749749092689,0.28388791308595,8.379605363384774,66.99812515873485,61.38394666956627,47.12600709558996,2022,Bucaramanga A.M.
8,0.98218600000084,0.60394926783433,0.06848977089713,0.67243903873146,0.29567771365736,10.18527583204186,68.46351289174198,61.49031525941252,48.95737595934427,2022,Bucaramanga A.M.
9,0.98301100000199,0.58989234931922,0.06656633693075,0.65645868624997,0.29134801204095,10.140217248249266,66.78040085498952,60.008723129041876,49.390030634773865,2022,Bucaramanga A.M.
10,0.98380199999992,0.59170766999656,0.05146542598289,0.64317309597945,0.29875080625773,8.001800184834591,65.37627449217447,60.14499563902168,50.489595015637846,2022,Bucaramanga A.M.
11,0.98464599999986,0.5797316256118701,0.055833639909650006,0.6355652655215199,0.23390843999445,8.784879057831317,64.54759025290412,58.87716251444199,40.34771084768308,2022,Bucaramanga A.M.
12,0.98546399999995,0.61264395367804,0.04487464462975,0.65751859830779,0.28352545876611,6.824847957949897,66.72172685230747,62.16807043971886,46.27899403298606,2022,Bucaramanga A.M.
1,0.9817695833337089,0.5863762453639104,0.05998696653272684,0.6463632118966373,0.2757266250787112,9.280690087034163,65.83654890812957,59.7264628399674,47.022134211387225,2023,Bucaramanga A.M.
2,0.9826005000003807,0.5836876841974382,0.061478173482253505,0.6451658576796918,0.27301409555562733,9.529049429763196,65.6590198844232,59.40233942453846,46.774003109388474,2023,Bucaramanga A.M.
3,0.9834339166668706,0.5843256727174907,0.06158046181875266,0.6459061345362433,0.27528385481643736,9.53396453851101,65.67865146703478,59.416872126795454,47.111374301969335,2023,Bucaramanga A.M.
4,0.9842744166669289,0.5844902655781491,0.062191185097850994,0.646681450676,0.2740403380228307,9.616973709828889,65.7013369163726,59.38285661811895,46.88535535348282,2023,Bucaramanga A.M.
5,0.9851255000002332,0.5852574569142653,0.062181526559004996,0.6474389834732703,0.2723092778163175,9.604229610244372,65.72147238835225,59.40943127694155,46.528117600081806,2023,Bucaramanga A.M.
6,0.985991000000055,0.5872804538721725,0.06127310786736833,0.6485535617395408,0.27101183579251836,9.447655749977303,65.77682369712346,59.56245583094976,46.146919075142044,2023,Bucaramanga A.M.
7,0.9868734166667051,0.5873851723649549,0.061513238169371674,0.6488984105343266,0.2687313266022883,9.479640752813593,65.75295266601327,59.519808968907654,45.7504443839314,2023,Bucaramanga A.M.
8,0.9877793333333775,0.5865764473034,0.060848627072047495,0.6474250743754475,0.26604289872927417,9.398558919075915,65.54349261293365,59.3833488420869,45.3551962327029,2023,Bucaramanga A.M.
9,0.9887116666665299,0.5886001685019808,0.058306887299360836,0.6469070558013417,0.26904180190873417,9.013178442942547,65.42929325213767,59.53203429736633,45.70875380370007,2023,Bucaramanga A.M.
10,0.9896715833331342,0.5900433420590558,0.05768471179492584,0.6477280538539817,0.26753367461323585,8.905699151318492,65.44878773547137,59.62011560156526,45.34135978547473,2023,Bucaramanga A.M.
11,0.9906603333331567,0.59453002991548,0.05729278280904917,0.6518228127245291,0.2732728371306042,8.789625292427749,65.79680146588878,60.01350916263455,45.9645137133701,2023,Bucaramanga A.M.
12,0.9916782499998474,0.593936538769415,0.058724764187205826,0.6526613029566207,0.2708526514123158,8.997739550541267,65.81381642248594,59.8920606325193,45.60296155099314,2023,Bucaramanga A.M.
1,0.9927259166665592,0.5940607944168084,0.05857172890998083,0.6526325233267892,0.2705692770422083,8.974687410828363,65.74146119990922,59.84137055790636,45.54572184953345,2024,Bucaramanga A.M.
2,0.9938016666666282,0.5951592174802708,0.05829352570979334,0.6534527431900642,0.2723044112933875,8.920847959901824,65.75283229116032,59.88712209313668,45.75320406634116,2024,Bucaramanga A.M.
3,0.9949040000000791,0.59721189763505,0.05804910706625834,0.6552610047013084,0.27166195130582166,8.858928983988482,65.86173185566209,60.02708780294406,45.488368932634934,2024,Bucaramanga A.M.
4,0.9960288333334617,0.5994569343514808,0.05747630609258417,0.656933240444065,0.27273515881874416,8.749185237411963,65.95524330811512,60.18469689730236,45.49703960198595,2024,Bucaramanga A.M.
5,0.9971715000001566,0.6008063839022675,0.058535651895615,0.6593420357978825,0.27134203490307085,8.87788867045006,66.12122747168155,60.25105850921061,45.16297465760779,2024,Bucaramanga A.M.
6,0.9983280000003174,0.5996221847746741,0.05887591674241666,0.6584981015170909,0.2719298517581875,8.940939481340111,65.9600954312492,60.06264321690702,45.35019861888086,2024,Bucaramanga A.M.
7,0.99949275000035,0.5994455492571801,0.05920937587965083,0.6586549251368309,0.2730193154805742,8.989437962124173,65.89891974069849,59.97497723289841,45.54530696222431,2024,Bucaramanga A.M.
8,1.0006598333337167,0.59888743173023,0.059188703847215,0.658076135577445,0.2724329808592925,8.994203048447947,65.76422013313477,59.849252641132345,45.489847745212074,2024,Bucaramanga A.M.
9,1.001823166667111,0.5967919953705959,0.05962753867878833,0.6564195340493842,0.27244040896519417,9.083754456689034,65.52249497615196,59.570592418621914,45.65081486993037,2024,Bucaramanga A.M.
10,1.0029800000005191,0.5969815528798951,0.060950703411851666,0.6579322562917467,0.2733969552363583,9.263978597946156,65.59774435097471,59.52078335356499,45.796549980056454,2024,Bucaramanga A.M.
11,1.004126416667176,0.5938902733240267,0.060459667873289165,0.6543499411973158,0.2701103833663925,9.239653596157025,65.16609167291773,59.144970540186016,45.48153009049539,2024,Bucaramanga A.M.
12,1.0052596666672058,0.59224049029992,0.06016053588417667,0.6524010261840967,0.26860299312297586,9.221404239054703,64.89875679057519,58.914180080795276,45.353703018000516,2024,Bucaramanga A.M.
1,1.0063771666671841,0.5950530548203851,0.05746262969308083,0.6525156845134658,0.27025444276608,8.806321603736865,64.83808517579942,59.1282348735137,45.416865030237595,2025,Bucaramanga A.M.
2,1.0074775000004468,0.595263152984025,0.05758124273931667,0.6528443957233417,0.2699422074159266,8.820056221133294,64.79989833252378,59.08451086835795,45.34838181444955,2025,Bucaramanga A.M.
3,1.008559666667045,0.5971669905658816,0.05710822679230667,0.6542752173581884,0.27047289801472413,8.728471639640647,64.87223701105863,59.209882201547906,45.29267395681419,2025,Bucaramanga A.M.
4,1.0096244166669892,0.5968323079577667,0.05621839644190751,0.6530507043996742,0.2694299851796008,8.608580629828284,64.68253873609258,59.11429023557615,45.14333114799582,2025,Bucaramanga A.M.
5,1.0106744166670016,0.597128188496165,0.05524600613612333,0.6523741946322883,0.27085036847326,8.46845362534041,64.54840291532119,59.082151348539334,45.35883143540451,2025,Bucaramanga A.M.
6,1.0117102500004818,0.5995115543491417,0.055273089695825006,0.6547846440449666,0.2702370432436975,8.441415081815693,64.7205703455762,59.25723835938761,45.07620266586517,2025,Bucaramanga A.M.
7,1.0127350000004174,0.5969535786244858,0.056319877535113326,0.6532734561595992,0.26953913816755165,8.621179538841387,64.5058634449614,58.944697144291425,45.15244531888559,2025,Bucaramanga A.M.
8,1.0137509166668817,0.6010182164623017,0.05519965333633416,0.6562178697986358,0.27392197464099505,8.411787590190508,64.73166721823729,59.28657686825019,45.57631817773306,2025,Bucaramanga A.M.
9,1.0147610000000649,0.6040282284554525,0.055488692337425004,0.6595169207928775,0.2721801830681658,8.413535815080525,64.99234014638277,59.5241863311079,45.06083825985284,2025,Bucaramanga A.M.
10,1.0157667500000058,0.6037995802464367,0.05510892496382,0.6589085052102567,0.2728952357357567,8.363668783761536,64.8680915387566,59.44273921610775,45.1963275006545,2025,Bucaramanga A.M.
11,1.0167710000000427,0.6066221301344789,0.05568583897902916,0.662307969113508,0.274164664695507,8.407846738363128,65.13836145144582,59.66162785272725,45.195295568054675,2025,Bucaramanga A.M.
12,1.0177747499999013,0.6100021050398446,0.05582695928982583,0.6658290643296706,0.2787375512151995,8.384578307050944,65.42008085086952,59.93488294339232,45.69452284053883,2025,Bucaramanga A.M.
1,1.0187787499998746,0.6076995180568563,0.055861917709747494,0.6635614357666039,0.2769552198903253,8.418499734724781,65.13302675057618,59.64980306636068,45.57436885517052,2026,Bucaramanga A.M.
2,1.0197856666663587,0.6087094831188247,0.05421981281285416,0.6629292959316788,0.2752675270417412,8.178822861743317,65.00672813913633,59.68994299642132,45.22149476485269,2026,Bucaramanga A.M.
3,1.0207939166664104,0.6089325674944872,0.05353750971203666,0.6624700772065238,0.275636096892807,8.081498554288128,64.89753381073639,59.65284055405308,45.26545492991757,2026,Bucaramanga A.M.
4,1.0218049999996828,0.610055831089333,0.05451610932124249,0.6645719404105755,0.27587877413223866,8.203191559300894,65.03901824817669,59.703742992990094,45.221889550604196,2026,Bucaramanga A.M.
2,1.839468000000161,1.039716227883239,0.172489871839929,1.2122060997231678,0.48707464968874103,14.229417908334286,65.89981993288612,56.522659153795985,46.84688346938449,2022,Cali A.M.
3,1.841088999999824,1.0725117934427253,0.150836630061734,1.223348423504459,0.5484586894404331,12.32981766794129,66.44700085137525,58.254206800585294,51.13777701967266,2022,Cali A.M.
4,1.84287600000292,1.066426458913938,0.15743686125346598,1.223863320167404,0.5293097824043921,12.863925134379487,66.41050836656753,57.86751028893144,49.6339694106472,2022,Cali A.M.
5,1.8446070000007748,1.0915739719815019,0.155044177951049,1.2466181499325513,0.505205783942004,12.43718278603899,67.58177486760202,59.17650599726898,46.28232230793474,2022,Cali A.M.
6,1.84637199999899,1.080677049161794,0.13670167883384002,1.217378727995634,0.5392897767530549,11.229182479548818,65.93355661785924,58.52975722998319,49.90295455717732,2022,Cali A.M.
7,1.8480709999988358,1.123314469829342,0.15186308297545997,1.2751775528048022,0.512348265186668,11.909171600568977,69.00046333748028,60.78307975343207,45.61040376026722,2022,Cali A.M.
8,1.8498009999996112,1.100511771138251,0.107682544473699,1.2081943156119501,0.48013633528334904,8.912684249731619,65.31482660092648,59.49352233772619,43.628459765291524,2022,Cali A.M.
9,1.8515179999991578,1.103777795025968,0.15339946946491798,1.2571772644908858,0.5027503600717751,12.201896566037531,67.89981326087339,59.61474827824899,45.54814948600657,2022,Cali A.M.
10,1.853174999999239,1.168989564427853,0.114220621899747,1.2832101863276,0.549139734697848,8.901162343998632,69.24387531280784,63.08036555793883,46.975589124836844,2022,Cali A.M.
11,1.8548769999995751,1.138423848937715,0.12220181620180101,1.260625665139516,0.53135619285013,9.693743319772622,67.96276330666696,61.374627478694045,46.67472429938538,2022,Cali A.M.
12,1.8565139999995899,1.135412171270984,0.12028290676089999,1.255695078031884,0.5562819157761519,9.578990064166344,67.63725337014218,61.158287590141235,48.99383059752198,2022,Cali A.M.
1,1.8488827499997198,1.0976928056893531,0.14398111586488116,1.2416739215542343,0.5191845503004809,11.595726814062134,67.1580673006129,59.370601282829824,47.29780022329946,2023,Cali A.M.
2,1.8505877499998942,1.1026358561855911,0.14228661195476208,1.2449224681403532,0.5238932063133227,11.429355288872545,67.27173397426976,59.5830084893653,47.512803376960306,2023,Cali A.M.
3,1.852287333333207,1.1064493637980302,0.14022348152310007,1.2466728453211304,0.5260083801133053,11.247817103690897,67.3045063196395,59.73421854626436,47.540212622809385,2023,Cali A.M.
4,1.8539824999997814,1.1088860178099447,0.14008005853341576,1.2489660763433603,0.5266388359348626,11.215681609506387,67.36665941256229,59.81102938188874,47.492603159969214,2023,Cali A.M.
5,1.8556742499998429,1.1118299021426747,0.13835521151757274,1.2501851136602475,0.5288432342634534,11.066778031974902,67.37093612525761,59.91514416621177,47.56512063979279,2023,Cali A.M.
6,1.8573669166665592,1.1172385853430609,0.13751153079601233,1.2547501161390733,0.5292460271261715,10.959276195896434,67.55531741628035,60.15174359561565,47.37090484246572,2023,Cali A.M.
7,1.8590631666668263,1.1174840842605411,0.13705277107672967,1.2545368553372709,0.5325774648877738,10.92457112707815,67.4822070509078,60.110065343509234,47.65861745943251,2023,Cali A.M.
8,1.8607683333335674,1.1182789580650168,0.13971898269901498,1.2579979407640318,0.5349432906317133,11.106455596752259,67.60637088606984,60.09769932303284,47.83630119959851,2023,Cali A.M.
9,1.8624850833334896,1.120521825365081,0.13760164498566166,1.258123470350743,0.5377622861607397,10.937054130887544,67.55079445248195,60.16272749736942,47.99212955852328,2023,Cali A.M.
10,1.8642155833337455,1.1139102354756814,0.13751781977467276,1.251428055250354,0.5328455847443084,10.988871409564304,67.12893435921431,59.75222208386942,47.8355946264165,2023,Cali A.M.
11,1.8659632500005332,1.1112258122737118,0.136180939738058,1.24740675201177,0.5299294390049178,10.917123826565039,66.85055303267166,59.55239537935134,47.688726553301855,2023,Cali A.M.
12,1.8677301666672212,1.1080551235930558,0.13634559288363468,1.2444007164766904,0.5270535250373937,10.956727288752623,66.62636491529179,59.326295809114114,47.56564125874294,2023,Cali A.M.
1,1.8695166666673364,1.1084134275809363,0.13349575860885227,1.2419091861897886,0.5272019560562676,10.749236747207009,66.42942576188197,59.288769516927154,47.563656568728405,2024,Cali A.M.
2,1.8713256666671187,1.1078103146212541,0.13392315194854634,1.2417334665698005,0.5257840739766152,10.785176976706557,66.35581869516925,59.1992262145527,47.461561517990916,2024,Cali A.M.
3,1.8731596666672898,1.1017054628288316,0.13600343934941092,1.2377089021782426,0.5210806621501286,10.98832198023773,66.07599577351374,58.81535260627177,47.297638046756894,2024,Cali A.M.
4,1.8750166666670856,1.0994232209259382,0.13393609298495643,1.233359313910895,0.5204434948989887,10.859454456970417,65.77857871008894,58.635383912624384,47.33786634601634,2024,Cali A.M.
5,1.8768953333336125,1.0966248068561608,0.13503439888668617,1.231659205742847,0.5177046282880634,10.963617066885256,65.62215717992429,58.42759515568784,47.208910928454706,2024,Cali A.M.
6,1.8787960833337918,1.0928101431621646,0.13536580787797534,1.22817595104014,0.5179132071670093,11.021695039976501,65.37036999038384,58.16544716353942,47.39278916906566,2024,Cali A.M.
7,1.880716166667056,1.0889950475398122,0.13602442202987633,1.2250194695696888,0.515178635984381,11.103857971960029,65.13579727134629,57.90321085343217,47.307711559225126,2024,Cali A.M.
8,1.882654666666884,1.085388056966519,0.13492532275460709,1.2203133797211263,0.5138463018350911,11.056612587943686,64.81875839086362,57.65199939127058,47.34217393834302,2024,Cali A.M.
9,1.8846105833336448,1.084446329899755,0.13399022954722267,1.2184365594469777,0.5145198625276736,10.996898320913646,64.65190051579319,57.54219675353317,47.44539663620192,2024,Cali A.M.
10,1.8865824999999787,1.0856460052736634,0.13444693523834766,1.220092940512011,0.5138219010350787,11.019401127091772,64.67212223753928,57.54564167078172,47.328677905977045,2024,Cali A.M.
11,1.8885687499999555,1.0886690962930514,0.13505332573898624,1.2237224220320377,0.5185148132060083,11.036271241538994,64.79628671352667,57.64519275737656,47.62832112820743,2024,Cali A.M.
12,1.890568583333187,1.0866829791346946,0.13374915253777123,1.2204321316724658,0.5178233336890511,10.959163485353583,64.55370846799802,57.47916202113158,47.651738697645214,2024,Cali A.M.
1,1.8925812499998207,1.082511195490689,0.13445571092600642,1.2169669064166955,0.5133871805902784,11.048427875652365,64.30196359690295,57.19760752627088,47.42557700362317,2025,Cali A.M.
2,1.8946053333333204,1.0821193102580493,0.13089048078208784,1.2130097910401372,0.511054623109315,10.790554350748586,64.02440496174465,57.11581674660422,47.227197432364974,2025,Cali A.M.
3,1.8966344166663813,1.087970853470125,0.1272498048667365,1.2152206583368614,0.5133775070102603,10.4713332507768,64.07247741885827,57.36323478630091,47.186696718282754,2025,Cali A.M.
4,1.8986728333328715,1.091101359498545,0.1273177598904119,1.2184191193889569,0.5116223386119017,10.449422359217605,64.17214688062828,57.46652821609395,46.89045010878147,2025,Cali A.M.
5,1.9007206666660725,1.0927183227568122,0.12302498475981383,1.2157433075166264,0.5149143222458205,10.119322393072796,63.96222910802989,57.48968493479247,47.12232892249361,2025,Cali A.M.
6,1.9027765833327652,1.093477507395608,0.12051906344885334,1.2139965708444613,0.5120732393185733,9.927463251812958,63.80131968610383,57.46746712009416,46.82979172915999,2025,Cali A.M.
7,1.9048405833324626,1.097931863327709,0.11510638291625917,1.2130382462439684,0.510197198930275,9.489097583911528,63.681877468286274,57.63904197205362,46.46893090286351,2025,Cali A.M.
8,1.906911749999597,1.103612226092475,0.11247370093963649,1.2160859270321114,0.5122485770133557,9.248828428936056,63.77253310397655,57.874320932403315,46.4156308622149,2025,Cali A.M.
9,1.9089900833329996,1.1031660265312115,0.11237085316341783,1.2155368796946295,0.5099948928309189,9.244544944752967,63.674342276957454,57.78793908688827,46.230112291850006,2025,Cali A.M.
10,1.9110742499996605,1.1080987180582105,0.11120528660282698,1.2193040046610375,0.5151896349657507,9.120390499639315,63.80202154161484,57.98302803035556,46.49311713567805,2025,Cali A.M.
11,1.9131651666660152,1.1095148830231392,0.1091617566881981,1.2186766397113373,0.5135852327935081,8.95740126060468,63.6994997057713,57.99367991612766,46.289170217719125,2025,Cali A.M.
12,1.915260666666004,1.1150519883967223,0.10686309279599976,1.221915081192722,0.5184201822627904,8.745541686226654,63.79889184064822,58.219333159373676,46.492915815360405,2025,Cali A.M.
1,1.9173619166660831,1.122946360440582,0.10470883598661192,1.2276551964271942,0.5231729426199233,8.529173035828196,64.02834987782829,58.567261124762815,46.58930836328275,2026,Cali A.M.
2,1.9194682499991682,1.1246686973554545,0.10513104065439309,1.2297997380098475,0.526225568035098,8.548630919740143,64.06981402325256,58.592722091440784,46.789385111585716,2026,Cali A.M.
3,1.921578333332599,1.1277128206042957,0.10555218969863316,1.2332650103029288,0.5266890490329789,8.558759781298441,64.1797937096883,58.6867993379432,46.70418207631509,2026,Cali A.M.
4,1.9236925833328342,1.1343561011070846,0.10269007180777191,1.2370461729148567,0.530269809766244,8.301231922960717,64.30581391397011,58.9676391610239,46.74632677064307,2026,Cali A.M.
2,0.71032999999982,0.42702501479877,0.0497476129828,0.47677262778157,0.25643310857389,10.434242673342295,67.11987777254103,60.11642684370337,60.051074219792675,2022,Cartagena
3,0.711005999999581,0.425820176665569,0.052606607988685,0.478426784654254,0.23734672067374402,10.995748916253167,67.28871270489081,59.88981480688207,55.73872110342756,2022,Cartagena
4,0.7117450000005451,0.416288705419308,0.052117080668619004,0.468405786087927,0.25205527891369,11.126480973664963,65.81089942150183,58.48846221877066,60.54819062645637,2022,Cartagena
5,0.71245500000076,0.41745590009705,0.05744136300126,0.47489726309831,0.24469100385882,12.095534648168499,66.6564573338391,58.59400244178295,58.61481507434302,2022,Cartagena
6,0.71319199999991,0.42034537403433003,0.0489969218371,0.46934229587142995,0.26230061690250006,10.439485694790664,65.80868768459112,58.93859914782878,62.40121412186106,2022,Cartagena
7,0.71390500000019,0.43990725805858,0.04932598324473,0.48923324130331003,0.28458491463186997,10.082304120081112,68.5291798352974,61.61985951330541,64.69202528910614,2022,Cartagena
8,0.7146430000003621,0.43027470181565497,0.051510461450710004,0.481785163266365,0.25749975230723504,10.691583174019696,67.41620127337998,60.20834204147203,59.84543158606548,2022,Cartagena
9,0.7153840000004701,0.44384144191277003,0.05120138536677,0.49504282727954,0.28093381529666994,10.342819357295259,69.19959452255219,62.04240546510383,63.29598563080619,2022,Cartagena
10,0.7161050000006101,0.4366860801726599,0.051809468357329996,0.48849554852998994,0.2667425696012,10.605924355552093,68.21563158050479,60.980733296414336,61.083368971993224,2022,Cartagena
11,0.7168549999998359,0.41208897361675506,0.047024279741831,0.459113253358586,0.22830301172253198,10.242413913741483,64.04548386475523,57.48568031426849,55.401388131985065,2022,Cartagena
12,0.7175819999999,0.41399223018632997,0.05120408218467,0.46519631237099995,0.22050481233265998,11.00698368043685,64.82831402837094,57.6926720829658,53.26303158719065,2022,Cartagena
1,0.714294916666807,0.42362001230391205,0.05170713961614875,0.4753271519200608,0.2511264235684901,10.87822132762252,66.54494394810091,59.30603766308414,59.2810576164017,2023,Cartagena
2,0.7150251666668165,0.4218065048619457,0.05168342165787484,0.47348992651982047,0.2480083005015212,10.91542158832208,66.22003652361718,58.991840361123515,58.79669887563554,2023,Cartagena
3,0.7157564166668413,0.4212679066358558,0.051188288840806916,0.4724561954766627,0.24737413760764668,10.834504728880288,66.00795808116015,58.856322741419554,58.72133473995611,2023,Cartagena
4,0.7164899166668217,0.42186826489225676,0.051049653035480334,0.47291791792773713,0.24577557643269585,10.794611728642693,66.00482531949586,58.87986070408744,58.25884449864126,2023,Cartagena
5,0.7172260833333719,0.42297393245354487,0.050816227358389414,0.4737901598119343,0.2450499089924457,10.72547124629189,66.05869067253556,58.97358479877586,57.93499083288294,2023,Cartagena
6,0.7179651666667245,0.4237945871497724,0.05123848254513858,0.475033069694911,0.24198440731842896,10.78629801037776,66.16380456176347,59.02717942672775,57.09945682550913,2023,Cartagena
7,0.7187070833333644,0.4227654989925616,0.05154644186267942,0.474311940855241,0.23955065147676566,10.867624747067307,65.99516713476393,58.82306001935791,56.662772162725716,2023,Cartagena
8,0.7194523333333517,0.4238500993390078,0.05094624454184691,0.47479634388085473,0.2362768216303844,10.730125705144719,65.99413496666806,58.91288132672171,55.7453736589556,2023,Cartagena
9,0.7202003333332992,0.4219056075061028,0.05112977361986525,0.47303538112596805,0.23076333610313945,10.808868778094535,65.68108333644071,58.58170122657391,54.69548922736266,2023,Cartagena
10,0.7209509166665784,0.42067037680245706,0.05024315566948858,0.47091353247194556,0.22631960475892776,10.669295359967553,65.31839014079944,58.349378172301634,53.799748505991275,2023,Cartagena
11,0.7217035833332804,0.42063817143116244,0.051422115652206,0.4720602870833684,0.22488388856915761,10.893124683272621,65.40916492379012,58.28406303435424,53.46254901309163,2023,Cartagena
12,0.7224578333333361,0.4206337468005983,0.05169734129379433,0.47233108809439256,0.22508036237569173,10.945148984871164,65.37836068786355,58.22260170671045,53.50982038119524,2023,Cartagena
1,0.7232131666666931,0.4213331540149461,0.052496898005817666,0.4738300520207637,0.22647475963354324,11.079267298883186,65.51734313752304,58.25850156419037,53.751943675789974,2024,Cartagena
2,0.7239688333333604,0.4209342377336567,0.05384988394581408,0.47478412167947076,0.22566297235488966,11.3419723800638,65.58074047102667,58.14259100016152,53.610030291163056,2024,Cartagena
3,0.7247261666667262,0.4199882527295575,0.05496673485178658,0.4749549875813441,0.22316032600712798,11.573040875241382,65.53578571142687,57.951302443132846,53.13489712076003,2024,Cartagena
4,0.7254819166666713,0.4178705172353408,0.05631825667041492,0.47418877390575576,0.2204436556684405,11.876758744526516,65.36190124276051,57.59902592132215,52.75405815344677,2024,Cartagena
5,0.7262347500000569,0.41500795519271927,0.05651420905499333,0.4715221642477127,0.21634513494130067,11.985483046201784,64.92696256240504,57.14515247207418,52.13035852308793,2024,Cartagena
6,0.7269839166667119,0.41223068449920847,0.05668709043963,0.46891777493883846,0.21368572026291235,12.088919096108858,64.50180866295771,56.70423719816582,51.83644214222065,2024,Cartagena
7,0.7277280833333918,0.4093503746618776,0.056991950670755,0.46634232533263265,0.20768153500432818,12.22105470055796,64.08194709162937,56.25045728437873,50.7344191820693,2024,Cartagena
8,0.7284655000000536,0.4069152925845618,0.0578583248287625,0.46477361741332435,0.2055961682888807,12.44871108449965,63.801733563674624,55.859240085430514,50.5255447597009,2024,Cartagena
9,0.729195666666711,0.4069303173955669,0.05780570709367583,0.46473602448924267,0.20518915676863067,12.438396002807368,63.73269147547701,55.805366926509734,50.423659284439935,2024,Cartagena
10,0.7299178333334043,0.4049121331263985,0.05863850351300667,0.46355063663940516,0.20276905387128566,12.649859341822328,63.507235399695915,55.473659449754386,50.077297586928246,2024,Cartagena
11,0.730631333333361,0.4037774793133551,0.05819989284071501,0.46197737215407014,0.2001914581406615,12.597996427691974,63.2298877802557,55.26418877646544,49.579649286309284,2024,Cartagena
12,0.7313358333333352,0.4044043931967635,0.05719863620690583,0.4616030294036693,0.19762447997726898,12.391304338015065,63.11779190412997,55.2966742178542,48.86803489325956,2024,Cartagena
1,0.7320306666666574,0.4051690467435642,0.055471619797515005,0.46064066654107916,0.19570777109620416,12.042275862017958,62.92641654462814,55.34864387424151,48.30274490836653,2025,Cartagena
2,0.7327166666666417,0.4069719295546075,0.05419682077127417,0.46116875032588167,0.195723009723175,11.75205838057682,62.93957423186281,55.542878723647796,48.09250847776539,2025,Cartagena
3,0.7333922499999925,0.4082949839753325,0.052866614897345,0.46116159887267744,0.1970766622537875,11.463793825543787,62.88062068731735,55.67211597550106,48.26820558385651,2025,Cartagena
4,0.7340599166666633,0.41088921312294335,0.05059998055514666,0.46148919367809,0.197555975985895,10.964499548052794,62.86805520912979,55.97488757985518,48.080107648575265,2025,Cartagena
5,0.73472066666664,0.4130437466369934,0.050108953842323334,0.4631527004793166,0.199580664777115,10.819100005347176,63.03793012664224,56.217793424939956,48.31949797136572,2025,Cartagena
6,0.7353750833333108,0.41532985564861336,0.049014498173645,0.4643443538222583,0.2006133329352733,10.555635654914578,63.143879136817716,56.47864131675562,48.30216999978944,2025,Cartagena
7,0.7360248333332949,0.4171279882711217,0.047939036005810835,0.46506702427693253,0.20174945672550249,10.307984334160118,63.18632241941431,56.67308620308917,48.3663197863316,2025,Cartagena
8,0.7366714166665883,0.4166889702003342,0.046938234284956665,0.46362720448529077,0.20281528894056247,10.124132887557042,62.93541380812455,56.56374888085611,48.673063950565734,2025,Cartagena
9,0.7373156666666324,0.4168255689160767,0.04644788516374001,0.4632734540798166,0.20211465587784916,10.026019137228092,62.83244409741799,56.53285122782273,48.489025374195016,2025,Cartagena
10,0.7379589166665582,0.4187788440230866,0.047807479778297496,0.46658632380138415,0.20321737661805336,10.24622397604781,63.226598834120196,56.74825990513901,48.52618023054916,2025,Cartagena
11,0.7386016666665732,0.42009161683875335,0.04876934976519084,0.4688609666039441,0.20707734448898585,10.401665576564673,63.479543543407935,56.876613714492905,49.29337701315515,2025,Cartagena
12,0.7392454166665309,0.4187738158780516,0.051003824199293335,0.469777640077345,0.2076336210100492,10.85701401005292,63.54826549966408,56.64882141121992,49.58132842539344,2025,Cartagena
1,0.7398907499998684,0.41753726814478087,0.05314994492644084,0.4706872130712217,0.2050769460822092,11.291988278083624,63.615772067876975,56.43228654295991,49.115842279999505,2026,Cartagena
2,0.7405377499998574,0.4171932056990633,0.05404146719018751,0.47123467288925086,0.20374153356872501,11.468058336804152,63.63411897493971,56.336521088782256,48.83625399108038,2026,Cartagena
3,0.7411870833331774,0.4167577671151708,0.055755246344734166,0.472513013459905,0.2013961654214025,11.799727151740186,63.75084294979566,56.22841742478537,48.324513977383596,2026,Cartagena
4,0.74183849999988,0.4146857216915625,0.057509132817592505,0.472194854509155,0.20002366444464,12.179110438925274,63.65197472350537,55.89973042537284,48.23500158836307,2026,Cartagena
2,0.76526800000073,0.41350777091451,0.07398184170124,0.48748961261575,0.26872969131806,15.176085764016905,63.70181591485401,54.03437369837959,64.98782132285928,2022,Cúcuta A.M.
3,0.76570800000004,0.4147797306997,0.057104421435069996,0.47188415213477003,0.27635035770578,12.101364535497472,61.62716755404741,54.169439355430306,66.62581058134138,2022,Cúcuta A.M.
4,0.7661809999989719,0.408747818694218,0.06894872930354001,0.477696547997758,0.29167468432378,14.433583326598292,62.3477413298423,53.348728132747546,71.35810173998269,2022,Cúcuta A.M.
5,0.7666319999995199,0.39867163297236,0.07449438448312,0.47316601745548004,0.24971669854616002,15.743815433687425,61.72009744646406,52.002999219000735,62.63718757323096,2022,Cúcuta A.M.
6,0.7671020000002401,0.4179492312549601,0.06544460413652001,0.48339383539148,0.2734157855725,13.53856821188446,63.015587938934935,54.48417958170221,65.41842049847178,2022,Cúcuta A.M.
7,0.7675410000007039,0.43610951514446594,0.054676748614293995,0.49078626375876,0.298801201450266,11.140643626727435,63.94267716751416,56.819051378892595,68.51517590742887,2022,Cúcuta A.M.
8,0.76803200000095,0.40229767185549997,0.047853080931229995,0.45015075278673006,0.26608577897118996,10.63045671588637,58.610937146651864,52.38032684250167,66.14151599335241,2022,Cúcuta A.M.
9,0.7685289999997299,0.4046867175610299,0.06170494925891,0.46639166681994004,0.27833070988129,13.230285540829023,60.686280780569625,52.657312549191005,68.77683348708264,2022,Cúcuta A.M.
10,0.7690130000004,0.40276540017849,0.05903084093589,0.46179624111438,0.26238273881017005,12.782876013334407,60.05051164468479,52.37432919577179,65.14530262378352,2022,Cúcuta A.M.
11,0.7695260000012599,0.41701417548096,0.05188701739789,0.46890119287885,0.26063693141497,11.065661206644881,60.933768693726044,54.19104428963768,62.50073660310623,2022,Cúcuta A.M.
12,0.77003200000039,0.42028758136677996,0.060846647688519995,0.4811342290553,0.26522229091518,12.646501540327218,62.4823681425001,54.58053449292589,63.10495543377088,2022,Cúcuta A.M.
1,0.7678435833336255,0.41106073396023035,0.0633730185876495,0.47443375254787984,0.2678569544360505,13.357611731314142,61.78781236773584,53.53443629438078,65.1623792560944,2023,Cúcuta A.M.
2,0.7683304166668462,0.4124019013177795,0.06252708635852783,0.47492898767630737,0.26766175927584634,13.165565375248015,61.813118077068154,53.67507160615249,64.90313415640571,2023,Cúcuta A.M.
3,0.7688225000001254,0.41389956719311366,0.06400816980079284,0.4779077369939065,0.2653649389899813,13.393415683832918,62.16099775875817,53.83551693570963,64.11336469607122,2023,Cúcuta A.M.
4,0.7693219166668595,0.4128769617013371,0.0637842119978595,0.47666117369919664,0.26032929939638383,13.381457420341809,61.95861100179808,53.667645852357246,63.05251286573318,2023,Cúcuta A.M.
5,0.7698309166668436,0.413705537779018,0.062371286765537,0.476076824544555,0.258897847433053,13.101097039370755,61.84173878152841,53.739792572926184,62.58022283746756,2023,Cúcuta A.M.
6,0.7703500833334861,0.41442838578859303,0.061193952318146165,0.4756223381067392,0.2566962568726605,12.866080378338541,61.74106401710369,53.79740909422167,61.93983464337446,2023,Cúcuta A.M.
7,0.7708805000001341,0.4121904381493016,0.06041250642324167,0.4726029445725433,0.2518122311470517,12.782930601053103,61.30690094929903,53.47008234729377,61.09123546816521,2023,Cúcuta A.M.
8,0.7714210000000342,0.4135363022950584,0.06089250272288,0.4744288050179384,0.24917709215022252,12.834908437015672,61.50063389743309,53.60708384851334,60.25519180960188,2023,Cúcuta A.M.
9,0.7719716666667491,0.41332563028106833,0.06079886940423417,0.47412449968530246,0.24717504531384002,12.823397534738046,61.4173447236084,53.54155445441964,59.801528675044146,2023,Cúcuta A.M.
10,0.7725327500000109,0.41302829722177004,0.060805687351930836,0.4738339845737008,0.2459739852642717,12.832698652173827,61.33513233888067,53.464179637920104,59.5537852778642,2023,Cúcuta A.M.
11,0.7731035833333743,0.4154373331983017,0.06034279421256,0.4757801274108617,0.24764530478111665,12.682916064808811,61.54157575618142,53.736309358064204,59.61074871980934,2023,Cúcuta A.M.
12,0.773683083333355,0.4158306045740858,0.059614042700264165,0.47544464727434993,0.24785798732345332,12.538587413281899,61.45211877012131,53.74689114081585,59.605518352195766,2023,Cúcuta A.M.
1,0.7742719999999959,0.41395223501099326,0.059472358465227505,0.47342459347622085,0.2493732802117017,12.562160750572557,61.14448068330295,53.46341272976364,60.24204222621944,2024,Cúcuta A.M.
2,0.7748683333333832,0.4130543011865025,0.060171008038509166,0.4732253092250116,0.24756690575662585,12.715086633267694,61.071705845721894,53.30638553902395,59.93568038039733,2024,Cúcuta A.M.
3,0.7754723333334618,0.41261372259145995,0.05909638584497167,0.4717101084364317,0.24824865358972334,12.528115210601975,60.8287476109855,53.20805202911494,60.16490484867394,2024,Cúcuta A.M.
4,0.7760821666668365,0.41434925164356756,0.05970050914477917,0.47404976078834665,0.2501942541362625,12.593722027302995,61.082418994927245,53.389868939153594,60.382455897732655,2024,Cúcuta A.M.
5,0.7766958333335241,0.41436873302558164,0.06022340182024333,0.474592134845825,0.2515354340881742,12.689506925732635,61.10398877883879,53.35019389084914,60.70328527240623,2024,Cúcuta A.M.
6,0.7773127500002,0.4141265811434433,0.060125601951629165,0.4742521830950725,0.2519070601332583,12.677981060463752,61.011759178651126,53.276699905325984,60.82851756043254,2024,Cúcuta A.M.
7,0.7779310833335082,0.41610918421622584,0.060973634172287496,0.47708281838851335,0.2523332220586342,12.780513533948627,61.32713149141289,53.48920915117039,60.641108543163625,2024,Cúcuta A.M.
8,0.7785495000001842,0.4166699566126266,0.06150955409814499,0.4781795107107716,0.25570039083904167,12.863276807221721,61.41928171691825,53.518749496663744,61.36760925068649,2024,Cúcuta A.M.
9,0.7791664166668283,0.41799370875044667,0.060835412489219164,0.4788291212396658,0.2573648846116892,12.705036053721875,61.45402458283995,53.646268603127034,61.57147325998221,2024,Cúcuta A.M.
10,0.7797809166668649,0.4200737310641575,0.06019946768063166,0.4802731987447892,0.25966050697911003,12.53442162460139,61.59078639647829,53.87073754763607,61.813078937671605,2024,Cúcuta A.M.
11,0.780392666666729,0.4186319308373809,0.06088498062386416,0.479516911461245,0.25894845547240586,12.697149812365888,61.44559424288201,53.64375508876481,61.855877776555786,2024,Cúcuta A.M.
12,0.7810012500000334,0.41780047653373087,0.06136322271549833,0.4791636992492292,0.25840466421074165,12.806317091975961,61.35248813612125,53.49549396159263,61.848819885172986,2024,Cúcuta A.M.
1,0.781604000000005,0.4188743852061225,0.06101901421878999,0.47989339942491255,0.257302779707765,12.715118460039884,61.39853422256149,53.59163786343466,61.42719363972321,2025,Cúcuta A.M.
2,0.7822023333332716,0.41811395633043585,0.06057736106550584,0.47869131739594156,0.2569971463715408,12.65478584300293,61.19788921570327,53.45342739501785,61.46581391998207,2025,Cúcuta A.M.
3,0.7827949999998558,0.41836438485660915,0.06016228860311915,0.47852667345972827,0.2582359529750308,12.572400231767283,61.13052248159689,53.44494853144006,61.7251282189183,2025,Cúcuta A.M.
4,0.7833837499998649,0.41932758516649576,0.05875280844159833,0.4780803936080942,0.2595036230677,12.289315610328265,61.027611768584244,53.52773594889708,61.885655093418904,2025,Cúcuta A.M.
5,0.7839680833332183,0.4223136546202008,0.0578302870125125,0.4801439416327133,0.261177890902125,12.044364616132103,61.245342998055776,53.868730576969206,61.84452907093663,2025,Cúcuta A.M.
6,0.7845488333332433,0.42401796889655,0.05830634557334583,0.4823243144698958,0.2626942382138575,12.088618347476036,61.47792131952923,54.04609004324974,61.953562698647914,2025,Cúcuta A.M.
7,0.7851264166665001,0.4253231612697858,0.05756128493142499,0.4828844462012108,0.26581356112389415,11.9203021311314,61.50403756014832,54.172570460134104,62.49684600535698,2025,Cúcuta A.M.
8,0.7857023333331492,0.42719862027787664,0.056904921843135,0.48410354212101164,0.26829295273100917,11.754700573727767,61.614115369534574,54.3715605966946,62.80286030804469,2025,Cúcuta A.M.
9,0.7862771666664999,0.4282043299051817,0.0570086339179,0.4852129638230817,0.2659572054624966,11.74919842798893,61.7101684232025,54.459718284914274,62.10988233617072,2025,Cúcuta A.M.
10,0.786851166666465,0.43115768192102416,0.05696403999002833,0.4881217219110525,0.26702376231141417,11.670048152540227,62.03482216071497,54.79532854321684,61.931811378540004,2025,Cúcuta A.M.
11,0.787424916666481,0.43237906187074243,0.05668528034279167,0.4890643422135341,0.2678673652200933,11.590556793862897,62.10933028179505,54.91051308119571,61.95197428412269,2025,Cúcuta A.M.
12,0.7879992499998284,0.43192748447077994,0.05694977741103333,0.4888772618818133,0.2680637327751392,11.64909515157631,62.04032070867069,54.81318471697454,62.06220775776398,2025,Cúcuta A.M.
1,0.788575249999866,0.434086681099315,0.056279611490090004,0.490366292589405,0.26986486622110334,11.477055487012077,62.183829962896795,55.046957294105894,62.16842809774226,2026,Cúcuta A.M.
2,0.7891523333332868,0.43816517175660247,0.05473558795953418,0.4929007597161367,0.27406774428697167,11.104788718738554,62.45952003134576,55.52352229712662,62.54895686670739,2026,Cúcuta A.M.
3,0.7897308333332358,0.43850922210370086,0.054914849686055006,0.49342407178975584,0.27409887974648917,11.12934143785628,62.48003129207316,55.5264152790989,62.506981821620364,2026,Cúcuta A.M.
4,0.79031024999985,0.4387845878346817,0.05468670978951917,0.49347129762420083,0.27383001544372665,11.082044701040628,62.44019960822911,55.52054877622618,62.4064798617986,2026,Cúcuta A.M.
2,0.116779999999822,0.064254456759512,0.011416215604370002,0.07567067236388202,0.041584023008092004,15.086710937986878,64.7976300428133,55.02179890358789,64.71772559486476,2022,Florencia
3,0.116931000000042,0.066624784408797,0.010702365167484998,0.07732714957628199,0.041363138243897,13.84037201180846,66.13058092058925,56.97786250760968,62.083710455407484,2022,Florencia
4,0.117092999999967,0.064647953430896,0.01159729407708,0.07624524750797601,0.037858176886472,15.210514040061064,65.11512003962449,55.21077556379477,58.56051874393776,2022,Florencia
5,0.11724599999990899,0.064938920049452,0.011263665649333001,0.076202585698785,0.03734903517535,14.781211878893751,64.99376157723432,55.38689597044028,57.51409962917173,2022,Florencia
6,0.11740800000005099,0.065301841752837,0.009890749304783,0.07519259105762,0.039570618157257,13.153888123370733,64.04383948077418,55.619584485562015,60.596481041115325,2022,Florencia
7,0.117563000000039,0.064606778517922,0.009763905538961,0.07437068405688299,0.037816143352597,13.12870207230177,63.26028091904623,54.955027107083495,58.53277971769906,2022,Florencia
8,0.117722000000047,0.06378182259097899,0.012721473098153002,0.076503295689132,0.038631428920918,16.62866022118339,64.98640499575394,54.18003651904787,60.56808562629856,2022,Florencia
9,0.117877999999958,0.064717690509055,0.009705602460776001,0.07442329296983101,0.038805797964872,13.041081727881032,63.135863324672556,54.90226378889874,59.96165447134191,2022,Florencia
10,0.118029999999867,0.064574826969753,0.009388656795981,0.073963483765734,0.036347488730133,12.693637884497,62.66498666933605,54.71052018116222,56.28739624367596,2022,Florencia
11,0.11818500000021501,0.063704450142858,0.012382635330287,0.07608708547314501,0.039843807274549,16.274293138298038,64.37964671744011,53.90231428924322,62.54477855973762,2022,Florencia
12,0.118337000000044,0.06222176972046001,0.011901492673927,0.074123262394387,0.03892301191585,16.056353011828904,62.637435792997486,52.580147984516145,62.55529550303225,2022,Florencia
1,0.11763925000000025,0.06405491246817908,0.011075935034093501,0.07513084750227259,0.03869337282181825,14.742193655886116,63.86545944680234,54.45028973593333,60.406565758777944,2023,Florencia
2,0.11779591666669699,0.06395294263498817,0.010889050090721249,0.07484199272570942,0.03822877716917825,14.549385571050792,63.53530312725057,54.291306901531,59.77641621179066,2023,Florencia
3,0.11795258333336874,0.0636903118378515,0.010941899960361169,0.07463221179821267,0.03798037531004817,14.661095653905317,63.27306252147107,53.996538302042886,59.63289268663343,2023,Florencia
4,0.11810983333335524,0.06367784990974949,0.01101378151821675,0.07469163142796625,0.03799220683794325,14.745670040476499,63.2391303246998,53.91409683055265,59.663143293609224,2023,Florencia
5,0.11826825000004075,0.06350456109457867,0.010989792042729584,0.07449435313730825,0.037861879344058914,14.752516908863095,62.987617671930195,53.695358724388655,59.62072438808046,2023,Florencia
6,0.1184283333333851,0.06333366951298049,0.011023773476761417,0.07435744298974192,0.03728402589949716,14.825379993610346,62.78686940600596,53.47847743047368,58.86920209455992,2023,Florencia
7,0.11859041666672675,0.06342528047485958,0.01098207800398975,0.07440735847884934,0.03722343468638408,14.759397764552359,62.743146175087205,53.48263566111156,58.68864025148245,2023,Florencia
8,0.1187550000000674,0.06329379155442634,0.01076487466287025,0.07405866621729658,0.03664881917815625,14.535604288747086,62.362566811717016,53.297790875660326,57.90270779819207,2023,Florencia
9,0.11892300000005625,0.06313003710092809,0.010796318816928918,0.073926355917857,0.03631511157729717,14.604153935201685,62.163211420685684,53.08480033374388,57.52429943806147,2023,Florencia
10,0.11909450000007415,0.0631529977066145,0.010933664581889666,0.07408666228850418,0.0364003427453535,14.757939208156518,62.20829869427895,53.027635790548835,57.638345078179896,2023,Florencia
11,0.11926991666671992,0.06344427965997941,0.010560682341502918,0.07400496200148234,0.036070461614717005,14.270235475955499,62.048305280766634,53.1938660083615,56.85376492259272,2023,Florencia
12,0.11944908333341249,0.06322399452281308,0.010462388664472667,0.07368638318728575,0.03568682392386775,14.198537384961385,61.68852964874455,52.92966070433456,56.44506360791692,2023,Florencia
1,0.11963175000008984,0.0632803389027455,0.010598619964074666,0.07387895886682017,0.035631856566903916,14.345924911016336,61.75531066524119,52.895940168640834,56.307942063436045,2024,Florencia
2,0.119817916666755,0.06323335441928467,0.010878309414697918,0.07411166383398259,0.03570744201640775,14.678269049614649,61.85357406948289,52.77454005076151,56.46931488030916,2024,Florencia
3,0.12000725000006633,0.06327203325420792,0.011001152864446417,0.07427318611865433,0.03546290234936467,14.81174221726754,61.890582542815764,52.72350899980872,56.04830527080651,2024,Florencia
4,0.12019941666675275,0.06326545250432909,0.011124427542740666,0.07438988004706974,0.035503431337108995,14.954221643725937,61.88871968764391,52.6337433730894,56.11819710714878,2024,Florencia
5,0.1203935833333994,0.06341816441094592,0.011142201489340251,0.07456036590028617,0.035692251171537,14.943866429305555,61.93051476324133,52.67570135804118,56.280801412436574,2024,Florencia
6,0.12058850000005233,0.06368987293276983,0.011315694243384918,0.07500556717615474,0.035907156212158085,15.086472470515929,62.199602098145505,52.815876250838336,56.378125059318606,2024,Florencia
7,0.12078375000002817,0.06356875435568725,0.011517034002797582,0.07508578835848484,0.035732539260088916,15.338500473367056,62.16547205933524,52.630220833243236,56.21085330719882,2024,Florencia
8,0.12097825000000267,0.06386789743292766,0.011413092351012248,0.07528098978393992,0.036201622719747584,15.160656606360218,62.22687944646105,52.792875936729324,56.682033031955605,2024,Florencia
9,0.121171250000011,0.0642221452348725,0.011315824596996501,0.075537969831869,0.03622417122142433,14.980313373768253,62.339845327882756,53.001141141043504,56.404486472611126,2024,Florencia
10,0.12136183333333726,0.06417381193359,0.011350690838706668,0.07552450277229666,0.036143448799184165,15.029150040124787,62.2308519061821,52.87808380195415,56.32118103968495,2024,Florencia
11,0.12154966666666527,0.06421071070219742,0.011522974248812665,0.07573368495101009,0.036732446393984666,15.215124229418574,62.30678127542729,52.82672710101891,57.206104701668735,2024,Florencia
12,0.12173466666663792,0.06473711498783567,0.011386908838570499,0.07612402382640616,0.036923571323733584,14.958364345712067,62.53274101030449,53.17886577462264,57.03617056563557,2024,Florencia
1,0.12191591666663125,0.06464658651433834,0.011449680573022666,0.076096267087361,0.0366426450705135,15.04631043186134,62.41700769509841,53.025550955015134,56.681484740708335,2025,Florencia
2,0.12209383333329234,0.06477240305267383,0.011336691424153,0.07610909447682683,0.036494343186677165,14.895317704252436,62.33655902101448,53.05133050893554,56.342425889308835,2025,Florencia
3,0.12226816666662309,0.06478719950967933,0.011354432863990667,0.07614163237367,0.036421956718256834,14.912253008010193,62.27428974319874,52.9877900977516,56.21782851227475,2025,Florencia
4,0.12243874999995301,0.06507099641630833,0.010783841042515917,0.07585483745882425,0.03650685587261542,14.21641836404914,61.95329293941123,53.14575362483961,56.103114879405695,2025,Florencia
5,0.12260616666662433,0.06538126934062033,0.010579240279316166,0.07596050961993649,0.036625296530759834,13.92728976181007,61.954885047894045,53.3262486856775,56.01802611073678,2025,Florencia
6,0.12277124999996399,0.06557832976882076,0.010062215084612748,0.07564054485343351,0.0367725054040895,13.302673988017949,61.610959286849074,53.41505423202908,56.07417196156314,2025,Florencia
7,0.1229338333333085,0.06603109076686292,0.009623461538904,0.07565455230576691,0.0367702380079205,12.720267644978758,61.54087142198353,53.712707866054984,55.68624958467792,2025,Florencia
8,0.12309516666665665,0.06652793432572825,0.009386365844109417,0.07591430016983768,0.03671931404823375,12.364423860998476,61.67122741335134,54.04593545568428,55.193828608072906,2025,Florencia
9,0.1232548333333295,0.06681583045262492,0.0090509835649065,0.07586681401753141,0.03692170415616283,11.930095763366294,61.55281051929033,54.2095012792956,55.2589167956863,2025,Florencia
10,0.12341424999999907,0.067116919825295,0.00873918392046675,0.07585610374576175,0.03704570739536983,11.520739253569992,61.46462320660889,54.383444233786214,55.19577997887808,2025,Florencia
11,0.1235732500000235,0.06735304407497583,0.00840434248500675,0.07575738655998258,0.036727179387423335,11.0937597858559,61.30565195943958,54.504550195906496,54.52935333782316,2025,Florencia
12,0.12373183333334707,0.06776413572301875,0.008138183174721083,0.07590231889773984,0.03691842136986916,10.721916395842046,61.34421260311459,54.766937414121045,54.480767703982345,2025,Florencia
1,0.12389099999999799,0.06817314575913425,0.007632711836594666,0.07580585759572891,0.03713257239744033,10.068762597871741,61.187541948753456,55.026713610460284,54.468034273546905,2026,Florencia
2,0.1240503333333185,0.06823018006955157,0.007403901823420667,0.07563408189297226,0.03728839397026109,9.78910781768691,60.970478563525,55.00201267998184,54.65088020030219,2026,Florencia
3,0.12420983333332918,0.06858900390221168,0.006928464132458415,0.07551746803467009,0.037350140699958,9.17465099502218,60.798300752897404,55.220268847915136,54.45499799531807,2026,Florencia
4,0.12436991666667525,0.06839203695970691,0.007051837341880332,0.07544387430158726,0.03684474931603425,9.347130442546703,60.660870670023,54.99081996091139,53.87286437709303,2026,Florencia
2,0.261630999999916,0.139993499927088,0.020439957938448997,0.160433457865537,0.074149615043412,12.740458387165226,61.32050783951004,53.50799405541887,52.9664699304117,2022,Ibagué
3,0.261875000000244,0.143350658901251,0.018159095251133,0.161509754152384,0.07507107362132599,11.243342760586424,61.67436912734454,54.7401084109279,52.368837504290575,2022,Ibagué
4,0.262148000000098,0.13783696935780898,0.015937541178023998,0.153774510535833,0.063139978780335,10.364228195224971,58.659425414565625,52.579828706592245,45.807724208177305,2022,Ibagué
5,0.262416000000437,0.1433783466845,0.019046791192235,0.162425137876735,0.057478503718146,11.726504555403041,61.89604973647357,54.637806644511464,40.08869194497397,2022,Ibagué
6,0.262695999999736,0.142728736011214,0.018998452800791,0.161727188812005,0.064900126933344,11.747222554443328,61.56438956518849,54.3322837086813,45.47096033152349,2022,Ibagué
7,0.262965999999478,0.13868051278111299,0.018593145778813,0.157273658559926,0.065033079923033,11.822161415370426,59.807601956237,52.73705071430842,46.89417324673313,2022,Ibagué
8,0.263248999999834,0.134254952057152,0.019587126094921,0.15384207815207301,0.064022730735036,12.731969257174953,58.439757853655685,50.99922584976074,47.68742586700392,2022,Ibagué
9,0.263532999999744,0.13365712257562298,0.016677451178071002,0.150334573753694,0.063149856613996,11.093556699335908,57.04582490763587,50.717413976903394,47.247655341574415,2022,Ibagué
10,0.263809000000013,0.13587189339607,0.016634492013819,0.15250638540988898,0.060727877016508995,10.90740690569168,57.80939445200182,51.50388856940563,44.69495161849677,2022,Ibagué
11,0.264086999999994,0.13796162216010202,0.016912261464224,0.154873883624326,0.075463325550921,10.92002154814409,58.645023656722785,52.24097443649447,54.698780986604476,2022,Ibagué
12,0.26435700000002504,0.141936773743715,0.020034290877738,0.161971064621453,0.070250560433,12.369055500475156,61.26982248302018,53.69132413505281,49.494263241354474,2022,Ibagué
1,0.2631165833332841,0.13910575145198867,0.018747109716372917,0.15785286116836159,0.06713335258686984,11.876319236543807,59.993505224417106,52.868485022772745,48.26065916479408,2023,Ibagué
2,0.2633892499999903,0.1385320213938814,0.019171473970134165,0.15770349536401557,0.06669593131062558,12.156657609827885,59.874689405137595,52.59592841920713,48.14477594388972,2023,Ibagué
3,0.2636612499999575,0.13833564609119867,0.019687235528078165,0.15802288161927683,0.06683383222915974,12.458471410178719,59.934056149435044,52.467188899097216,48.312805930800444,2023,Ibagué
4,0.2639316666666346,0.13877988417658435,0.020111846466068582,0.1588917306426529,0.06748922849006785,12.657579085282967,60.20184415511801,52.58174812038515,48.630411309606046,2023,Ibagué
5,0.26419916666660465,0.1389180537077074,0.019946746174955666,0.15886479988266308,0.06816043979999958,12.555799767908468,60.13069680993204,52.580806919428845,49.06521361392924,2023,Ibagué
6,0.2644629166666096,0.13879735381514857,0.02036942301584425,0.15916677683099284,0.068351337775595,12.797534398446103,60.18491319584272,52.48272822692981,49.24541851613819,2023,Ibagué
7,0.2647218333333246,0.1387239421755105,0.020523528668378168,0.15924747084388866,0.06833018748236493,12.887820798421043,60.15653066416027,52.4036647936161,49.25623249367803,2023,Ibagué
8,0.2649747499999941,0.13888563935758308,0.02048899323065375,0.15937463258823684,0.06871772449678966,12.855868526824768,60.14710178544952,52.41466945721665,49.47791925403101,2023,Ibagué
9,0.2652203333333405,0.139741380138583,0.020984142492758835,0.16072552263134182,0.06956479288633093,13.055886924001753,60.600754328038256,52.68878836787748,49.781097637180046,2023,Ibagué
10,0.26545783333336526,0.14055820460643434,0.02103240591071667,0.16159061051715098,0.07049976094026568,13.015858931038771,60.87242123845088,52.94935276214644,50.15698737591758,2023,Ibagué
11,0.2656877500000723,0.14131200533924793,0.020751414653537418,0.16206341999278534,0.0713482414033465,12.80450249319755,60.997701246196435,53.18724906933402,50.48986548033246,2023,Ibagué
12,0.26590925000005355,0.141233977220844,0.020571155404914252,0.16180513262575824,0.07158153828135976,12.71353700039517,60.8497570602473,53.11360068174219,50.682944493894354,2023,Ibagué
1,0.26612233333338975,0.14112351871438242,0.02041502428469825,0.1615385429990807,0.07112549501741042,12.637865803218512,60.700859253593805,53.029566119724066,50.39946258806099,2024,Ibagué
2,0.26632700000002085,0.14215288377968407,0.01999740570146825,0.16215028948115234,0.071855811308481,12.332636448233208,60.883909435070294,53.3753182289715,50.54826141961838,2024,Ibagué
3,0.26652533333338374,0.141872858380551,0.019519306105834168,0.1613921644863852,0.07090593625539558,12.094333183988489,60.55415538473691,53.23053407575671,49.978506858022044,2024,Ibagué
4,0.26671666666670424,0.14222780202138224,0.018925010650995586,0.16115281267237783,0.07063336261926241,11.74351867470657,60.420975819167076,53.32542724040326,49.66213469898349,2024,Ibagué
5,0.2669023333333706,0.14242381791399125,0.018848046698911835,0.16127186461290308,0.07052223061184192,11.687126421060698,60.423549917590535,53.36177325062902,49.51575631431942,2024,Ibagué
6,0.26708350000003306,0.14305471698471875,0.018130253904085833,0.1611849708888046,0.07141376050737933,11.248104462911252,60.350029443520334,53.56179508831546,49.920591234337145,2024,Ibagué
7,0.26726208333336693,0.143327180046788,0.017866110265363083,0.1611932903121511,0.07176724419897133,11.083656292867605,60.31281665610909,53.62795135739855,50.07231997137145,2024,Ibagué
8,0.2674387500000537,0.14431508351494374,0.01741146595170475,0.16172654946664852,0.07227967722412809,10.765991118418913,60.47236964225119,53.961919697468964,50.08463111663832,2024,Ibagué
9,0.26761575000005966,0.1446986405234026,0.0165827734172115,0.1612814139406141,0.07245999374879775,10.281887424001312,60.26603962606018,54.06955327680465,50.07648550580443,2024,Ibagué
10,0.26779400000002135,0.14451816660290082,0.016366875117257335,0.1608850417201582,0.07173936806869068,10.173024752497321,60.07791127513886,53.9661704903356,49.64038069055513,2024,Ibagué
11,0.2679738333333513,0.14430656630359465,0.01638241675150583,0.16068898305510051,0.07040128801031542,10.195108861874042,59.96443050288731,53.850991534715135,48.78592139889461,2024,Ibagué
12,0.2681565833333686,0.1450670455007945,0.0161346518826425,0.161201697383437,0.07075038456548334,10.008983865885948,60.11476406045689,54.09788702463035,48.770817880271686,2024,Ibagué
1,0.2683426666666807,0.14546205106152152,0.015359804731363164,0.16082185579288466,0.07131819426694216,9.55081923140122,59.931526279660915,54.2075745420708,49.02872862474553,2025,Ibagué
2,0.2685324166666896,0.1453502916893936,0.014998535566003335,0.16034882725539693,0.07132986341566042,9.353692086637025,59.71302431409116,54.12765188413237,49.07445495058849,2025,Ibagué
3,0.26872524999998676,0.14586665429649526,0.014797291263113082,0.16066394555960833,0.07228124083089925,9.210088306727847,59.787439237517226,54.280963287410636,49.55295723995772,2025,Ibagué
4,0.26892199999999594,0.14555040907869918,0.01488815372565483,0.160438562804354,0.07275742940143116,9.279660366822231,59.65988755265707,54.123652612542436,49.987787641387655,2025,Ibagué
5,0.2691224999999909,0.14521423837400668,0.014740126821646167,0.15995436519565284,0.07284504156243142,9.215207602253525,59.435522929393954,53.95841610196531,50.1638423188333,2025,Ibagué
6,0.2693261666667165,0.14429016868717776,0.014708336833249167,0.1589985055204269,0.0723453324498295,9.250613258977804,59.03566945917403,53.574507992657374,50.13878153173052,2025,Ibagué
7,0.26953191666673854,0.14443523191890592,0.014856900779977334,0.15929213269888323,0.07324314826647758,9.326826459196182,59.09954363432188,53.58743176137176,50.7100291898312,2025,Ibagué
8,0.26973975000005457,0.14392487124209374,0.014663180185047168,0.1585880514271409,0.07298309956469266,9.24608131135515,58.79298524859937,53.35693802714084,50.709164395866615,2025,Ibagué
9,0.26994883333337083,0.14375127021883358,0.01480768129945275,0.15855895151828633,0.07285090736678042,9.33891222013095,58.73666856062142,53.25130264271573,50.67844427105164,2025,Ibagué
10,0.2701586666667247,0.14407871118055068,0.01474292787918325,0.15882163905973393,0.07422536171291774,9.28269470486848,58.788282093374676,53.33114534440985,51.51723048098551,2025,Ibagué
11,0.270368833333367,0.14451925387226142,0.014911442212701418,0.15943069608496283,0.07516987724079591,9.352930507657636,58.96785295825258,53.452630649209475,52.01374573054296,2025,Ibagué
12,0.2705789166667048,0.14485590102842885,0.014610376029221333,0.15946627705765018,0.07487098904089491,9.162047486654119,58.935218982371204,53.53554623284277,51.68653020645739,2025,Ibagué
1,0.27078850000005594,0.14493082657744832,0.014738724111429,0.15966955068887734,0.07457864255128908,9.230766948263046,58.96467194465214,53.52178049563345,51.45809508747654,2026,Ibagué
2,0.2709975000000628,0.14550121338153135,0.01454163436273133,0.16004284774426267,0.07370420693537233,9.08608823680009,59.0569461874097,53.69097994686211,50.655389891564774,2026,Ibagué
3,0.27120591666674004,0.1457021038378429,0.014510214397980831,0.16021231823582374,0.07253592060653849,9.056865637898449,59.074049786566384,53.723792470531826,49.78371533143153,2026,Ibagué
4,0.2714135000000398,0.14685867653384874,0.014144261712556084,0.16100293824640485,0.07285391290839709,8.785095394289751,59.320165815768654,54.108832660802506,49.608177485928344,2026,Ibagué
1,0.016961000000016,0.008934971759171,0.001312364528375,0.010247336287546,0.006213283216367,12.80688455564759,60.41705257671324,52.67951040128867,69.5389239477963,2023,Inírida
2,0.016995999999963998,0.008645316126453,0.001116933786716,0.009762249913169,0.005795075951353999,11.441356210408912,57.438514433923736,50.86676939557139,67.03139441740234,2023,Inírida
3,0.017026000000011,0.00920017535551,0.0013129897538529999,0.010513165109363001,0.006084913330644999,12.489005358468633,61.747710027934964,54.03603521381449,66.13910165310854,2023,Inírida
4,0.017062999999935,0.008691764610797,0.001228675055495,0.009920439666292,0.005008491529545,12.385288322147987,58.14006719996361,50.93925224655752,57.623414275662746,2023,Inírida
5,0.017097000000072,0.009306195998994,0.001511502482411,0.010817698481405002,0.005392705343967,13.972495951973386,63.27249506556382,54.43174825381535,57.947472249133284,2023,Inírida
6,0.017133999999969,0.009278334616533001,0.0007706084691789999,0.010048943085712,0.006854854771730999,7.668552429903626,58.64913672073177,54.151596921616594,73.88022802622768,2023,Inírida
7,0.017167999999975,0.008690893342257,0.0015161861692910002,0.010207079511548,0.005484501836995,14.854260394225696,59.454097807332616,50.622631303993806,63.106307038980304,2023,Inírida
8,0.017208000000029002,0.009399828702157,0.00155714793131,0.010956976633467,0.007687271092393999,14.211474418534817,63.67373682850147,54.6247600077938,81.78097001523,2023,Inírida
9,0.017245000000001,0.008769127392159,0.000759869349127,0.009528996741286001,0.00731570424235,7.9742849090790076,55.25657721823978,50.85026031985208,83.42568097358703,2023,Inírida
10,0.017278000000047998,0.010824416879228,0.0012346455273229999,0.012059062406550998,0.008491653306455,10.238321070900898,69.794318824618,62.64855237410539,78.4490601313632,2023,Inírida
11,0.017319000000024,0.010260910680353,0.001175768649217,0.01143667932957,0.007850125404157,10.28068213976239,66.03544852216729,59.24655396003684,76.50515289240329,2023,Inírida
12,0.0171541666666705,0.009226001464043667,0.001173524340572,0.010399525804615667,0.0064609221607520835,11.284402410455577,60.623905589196085,53.782860125576526,70.02949420647852,2023,Inírida
1,0.017190083333337002,0.009222194628850332,0.0011701097676254167,0.010392304396475751,0.0064470103291514175,11.259386975060368,60.455229884324005,53.64834160498562,69.90755008556052,2024,Inírida
2,0.01722625000000825,0.00927736820217175,0.0011635372818950833,0.010440905484066834,0.00652641295377725,11.14402657576663,60.61043746643544,53.85599420748745,70.34767631890988,2024,Inírida
3,0.017262833333341082,0.0092348151349955,0.00108534861863,0.010320163753625499,0.0064711370402155,10.516777102967135,59.78256033841992,53.49536172118147,70.07327104679128,2024,Inírida
4,0.0172995000000165,0.009267126587424,0.0010547240334660834,0.010321850620890083,0.0065127212548301665,10.218361727997296,59.665600860604286,53.56875393748468,70.27767661734853,2024,Inírida
5,0.017336416666677335,0.00925961213991225,0.0010098459530544998,0.01026945809296675,0.006553612392674167,9.833488231926411,59.23633638031944,53.41133821333639,70.77631647686134,2024,Inírida
6,0.01737333333334633,0.009286503020363582,0.0010266046691789167,0.0103131076895425,0.0064281688128658325,9.954367782078865,59.36170964812807,53.452626748023604,69.22055373018291,2024,Inírida
7,0.017410250000011084,0.009291914300672,0.0009330308520929167,0.010224945152764916,0.0064798511118024996,9.125045055528897,58.729456226983565,53.370366885404195,69.73644937011387,2024,Inírida
8,0.0174469166666775,0.009208632542421583,0.0008322990140873333,0.010040931556508917,0.00637131667685575,8.289061721049231,57.55132410121758,52.78085932518658,69.18852117841476,2024,Inírida
9,0.017483500000012083,0.009212275628799416,0.0008143937339563334,0.01002666936275575,0.006233854132159333,8.122275747731486,57.349325722817625,52.691255348145674,67.66899280207225,2024,Inírida
10,0.01752033333334125,0.00899724685764325,0.0007227298655349167,0.009719976723178167,0.006054148006148999,7.435510249849692,55.47826367367692,51.35317169178203,67.28889516914766,2024,Inírida
11,0.01755675000000592,0.008863688647512,0.0006467154360465,0.0095104040835585,0.00591474920358775,6.800083680613906,54.16950223449838,50.485930753180476,66.73011021487082,2024,Inírida
12,0.017592750000003918,0.008855801395547666,0.0006809617595441666,0.009536763155091834,0.006033478770853667,7.140386611998329,54.20848448985923,50.33778912077812,68.13024029521544,2024,Inírida
1,0.01762908333333275,0.008842982712914334,0.0007185051228866666,0.009561487835801,0.00607974270924375,7.51457445980712,54.23701082473366,50.1613302615354,68.7521722774021,2025,Inírida
2,0.017664833333333,0.008804898418822584,0.0006990507242175833,0.009503949143040168,0.005939323448160499,7.355371053616219,53.8015217222939,49.844220167127254,67.45476399209524,2025,Inírida
3,0.01770024999999858,0.00882574939127175,0.0007259826995613334,0.009551732090833084,0.005940499033669333,7.600534569620812,53.96382588287651,49.8622866415585,67.30872099704311,2025,Inírida
4,0.017735583333330498,0.008799741472635418,0.00068876959037575,0.009488511063011167,0.005868317377962416,7.2589849535061814,53.499853287483354,49.61630698719707,66.6873838988468,2025,Inírida
5,0.017770666666663083,0.008763928508763168,0.0006256512138383333,0.0093895797226015,0.005879200716962917,6.663250457657213,52.8375209480233,49.31682459163941,67.08407891602752,2025,Inírida
6,0.017805833333332417,0.008730293217862001,0.0005915966684189167,0.009321889886280917,0.005985275831566917,6.346316848148713,52.35301101482508,49.03052305627809,68.55755794457356,2025,Inírida
7,0.01784075000000325,0.008785617938397584,0.000621230996949,0.009406848935346584,0.00601861080941175,6.6040286308277105,52.72675720104183,49.24466705937802,68.50526453133573,2025,Inírida
8,0.017875750000009415,0.008791593610944583,0.0006228015183535001,0.009414395129298083,0.006019655098042083,6.615417239237279,52.66573502814218,49.18167691391943,68.47057956077795,2025,Inírida
9,0.017910666666671585,0.008766204053211749,0.0006293123150872501,0.009395516368299,0.00619065431561575,6.698006691900246,52.457658573828006,48.94404109213881,70.61955526061051,2025,Inírida
10,0.017945416666672497,0.008931462047356417,0.0006717645375034167,0.009603226584859834,0.006234126712378584,6.995196162115981,53.51353364056772,49.77015698913008,69.79962159973343,2025,Inírida
11,0.017980333333344332,0.008991949448237167,0.0006720689295927501,0.009664018377829917,0.006231069072769332,6.954342420690482,53.747715343564295,50.009915175274834,69.29608655652424,2025,Inírida
12,0.01801516666668025,0.009060048548893416,0.0006660242236821667,0.009726072772575584,0.006232169741481666,6.847822746711726,53.98824752792509,50.2912280331568,68.78737688710129,2025,Inírida
1,0.018049833333349415,0.009116694289195251,0.0006433557428271666,0.009760050032022417,0.006300786910571667,6.59172586939961,54.07279863348907,50.50846797765701,69.11262690950505,2026,Inírida
2,0.018084750000012917,0.009165994981381249,0.0006799057753960833,0.009845900756777333,0.006373280520409916,6.9054705322728,54.44311232817872,50.68355924950415,69.53179151151477,2026,Inírida
3,0.018119916666683333,0.00923732801184325,0.0006779841691341666,0.009915312180977416,0.0063943540494887504,6.837749097147775,54.7205175573929,50.97886586215768,69.2229835434067,2026,Inírida
4,0.018155250000015832,0.00935056891382025,0.0006825595231929166,0.010033128437013166,0.006550390830264166,6.803057764863146,55.26295940295185,51.503388352196176,70.05339344200343,2026,Inírida
1,0.026242999999916996,0.012593275363702,0.0007308581571230001,0.013324133520825001,0.009201309612166999,5.4852209037135715,50.77214312718495,47.98717891910921,73.06526178795572,2023,Leticia
2,0.026330000000083998,0.014834596779578001,0.000666250427912,0.015500847207490002,0.01028458000288,4.298154926590516,58.87142881671307,56.34104359867329,69.32834208907,2023,Leticia
3,0.026408000000063,0.014001581394938,0.0009064248122749999,0.014908006207213002,0.010036330174400998,6.080120974436143,56.452613629117835,53.02022642723644,71.67997593492859,2023,Leticia
4,0.026494999999821998,0.014800910755084,0.0006272959728529999,0.015428206727936999,0.009058876147638999,4.065903341294414,58.230634942595394,55.863033610807456,61.2048562249951,2023,Leticia
5,0.026584000000077,0.01441760208199,0.001639142535513,0.016056744617502998,0.009343289706553001,10.208436233869083,60.40003241595129,54.23413362153264,64.80474113115062,2023,Leticia
6,0.026669999999925996,0.014766694736867,0.00036071427779500005,0.015127409014662,0.008303960781028002,2.384507997670873,56.72069371842511,55.36818424037486,56.234390491570664,2023,Leticia
7,0.026757999999965004,0.014240072884319,0.001043001400638,0.015283074284957001,0.006823323455741,6.824552319716311,57.11590658859777,53.21800166057861,47.91635205220588,2023,Leticia
8,0.026851000000059,0.01484478213721,5.438312014899999e-05,0.014899165257359,0.009597297045776,0.3650078323826838,55.48830679425817,55.28577012840259,64.65097942878778,2023,Leticia
9,0.026942999999953997,0.014114091735286998,0.000538389486595,0.014652481221882,0.010309647166568,3.6743912409249138,54.383258070396835,52.38500439932857,73.04506276371005,2023,Leticia
10,0.027075886603910002,0.018631369390017,0.00011375928064199999,0.018745128670659,0.00926550396653,0.6068738318135039,69.2318184991661,68.81166870940604,49.73066537714942,2023,Leticia
11,0.027128999999913,0.01499239844111,0.000375179464981,0.015367577906091001,0.009658937018827,2.4413701838615447,56.64631171860475,55.26336555404946,64.42556243930692,2023,Leticia
12,0.0267253238836425,0.014782481126125332,0.0006262154856224167,0.015408696611747751,0.00939592287088725,4.064039298073943,57.65578998718439,55.312636024490224,63.56120322914991,2023,Leticia
1,0.026814490550323002,0.01498244991952375,0.00059799213049175,0.0155804420500155,0.0094509748884795,3.8380947637564304,58.10456111696599,55.87445299923207,63.080303550114714,2024,Leticia
2,0.026904573883652836,0.014874224827101585,0.0005940952783199167,0.0154683201054215,0.009365531053825918,3.840722678810428,57.493272974005436,55.285115800102425,62.96483455569025,2024,Leticia
3,0.026995407216977504,0.015025151331094166,0.0005664159414156667,0.015591567272509833,0.0093289785261125,3.632835182735857,57.75636998987088,55.65817626060776,62.08908197021895,2024,Leticia
4,0.027087407216996668,0.015078414233559835,0.0005491050490313333,0.01562751928259117,0.00934120498686875,3.5137057846604507,57.69293146959187,55.665771599204625,61.95084471202647,2024,Leticia
5,0.027179490550329668,0.015246330904581834,0.00048718755605866676,0.0157335184606405,0.009280093657132999,3.0964946415350867,57.887466402307766,56.09498410703988,60.86771771655659,2024,Leticia
6,0.027272657217007834,0.015327582563974165,0.00047962224478825,0.015807204808762416,0.009263397682976,3.034200230785779,57.95989984761988,56.20128043268019,60.43612973091152,2024,Leticia
7,0.027366073883676418,0.015418810533470667,0.00049507263079075,0.015913883164261417,0.009294969932663584,3.1109480048374287,58.15186800965952,56.34279363203733,60.2833137646147,2024,Leticia
8,0.027459740550338164,0.015339188655652083,0.0005682317578778333,0.015907420413529917,0.009283457282850667,3.5721175596423462,57.92997346194525,55.86064670761495,60.5211754757965,2024,Leticia
9,0.027553490550341248,0.0155644363777075,0.00053795100934425,0.01610238738705175,0.00916977880083425,3.340815224559975,58.440462770523006,56.48807489298206,58.914942875592104,2024,Leticia
10,0.027643833333355333,0.015238656787716834,0.0005616109363124167,0.01580026772402925,0.009044831489196834,3.554439368507102,57.15657280050406,55.12497707519353,59.35451933327515,2024,Leticia
11,0.027737666666686835,0.015338722415112332,0.00060226016381275,0.015940982578925084,0.009169286522816249,3.7780617401148993,57.47052472178683,55.299252815429725,59.77868478656537,2024,Leticia
12,0.027831833333354247,0.015399283337036418,0.0006119994203173334,0.016011282757353747,0.009339061758751334,3.8223009960663585,57.52866714017539,55.32974832305278,60.64608043343288,2024,Leticia
1,0.027925583333348585,0.015373560958215666,0.0007418174189146666,0.01611537837713033,0.009417942285894418,4.60316476321397,57.708296312956264,55.05188835162716,61.260642940771945,2025,Leticia
2,0.02801900000000425,0.015593030023326583,0.000764237819754,0.016357267843080583,0.009365396608622583,4.67216057770483,58.37919926863236,55.65162933482358,60.06142869354002,2025,Leticia
3,0.028112250000011413,0.01579217640736508,0.0007757274121813333,0.016567903819546415,0.009391965926482167,4.682109581455614,58.934819587687535,56.175426752958835,59.4722708524329,2025,Leticia
4,0.02820491666666408,0.015849632133579667,0.0007768533735659167,0.016626485507145582,0.009522239431130083,4.67238475161842,58.94889073292933,56.19457175107574,60.078614764540085,2025,Leticia
5,0.02829741666666283,0.015829369204214915,0.0007665201461143333,0.01659588935032925,0.009763371718558,4.618734976677379,58.648072175015386,55.93927315232094,61.678842615903406,2025,Leticia
6,0.02838949999998733,0.015878617322543583,0.0007709625261571666,0.01664957984870075,0.00996615181603425,4.630522410553974,58.64696401383674,55.931303202066495,62.76460735586126,2025,Leticia
7,0.028481416666656666,0.015954532027969915,0.0007561243846009167,0.016710656412570832,0.0101324761587785,4.524803609941445,58.67213912899943,56.017340059660604,63.50845102203713,2025,Leticia
8,0.028573166666656918,0.016173472153735418,0.0006784333308347501,0.016851905484570166,0.010169683410285,4.0258553043507925,58.9780813627328,56.60370914578691,62.878788881064196,2025,Leticia
9,0.028664916666663584,0.016077801438460916,0.0007121947966120834,0.016789996235073,0.010188979052690084,4.241780561715455,58.57333000587177,56.08877787933325,63.372962352403874,2025,Leticia
10,0.028756166666652584,0.016118095081316747,0.0007166189154776667,0.016834713996794416,0.010375396873237833,4.256792931641855,58.54296990258088,56.050916897794586,64.37111098360779,2025,Leticia
11,0.02884717455270658,0.016426172203268335,0.0006696804747890833,0.017095852678057414,0.010389150479677584,3.9172101409637237,59.263525607409605,56.94204877242355,63.247543926335084,2025,Leticia
12,0.028938174552709917,0.016640275107067417,0.0006750815543010833,0.017315356661368502,0.009999563449522334,3.898744724139739,59.83569084438675,57.50285000443864,60.09253684318803,2025,Leticia
1,0.02902950788604275,0.0167925481551745,0.0006501502629806667,0.017442698418155166,0.009883008324856083,3.7273491027280516,60.08609752059053,57.846478903792494,58.85353570840116,2026,Leticia
2,0.029120674552715747,0.01674417656096325,0.00059681051082525,0.0173409870717885,0.010006814662706918,3.441617875352563,59.548713545068985,57.4992743751594,59.76295475787345,2026,Leticia
3,0.029211674552711082,0.01661608629812142,0.0005537843378427501,0.017169870635964167,0.010107206757680167,3.225326209987793,58.77742682974901,56.88166307665272,60.82784222673945,2026,Leticia
4,0.029302507886060997,0.016479036788504167,0.0006009924443670833,0.01708002923287125,0.009729900694060167,3.5186851039484615,58.28862600868406,56.23763280802028,59.044110520147505,2026,Leticia
2,0.408515000000008,0.210192217503586,0.028390573770672004,0.238582791274258,0.080490345121038,11.89967374387711,58.40245554612519,51.45275387772343,38.29368474104651,2022,Manizales A.M.
3,0.40887799999966895,0.21832374542758298,0.025850239593414,0.244173985020997,0.068529636064488,10.58681152752251,59.71805404575318,53.39581621602526,31.38899799024334,2022,Manizales A.M.
4,0.40927799999971,0.209661036129172,0.027435436158312003,0.237096472287484,0.083304024210124,11.571423182140816,57.93042193512772,51.22704766181436,39.73271607739287,2022,Manizales A.M.
5,0.409660000000276,0.223291228191,0.021739582923007,0.24503081111400699,0.08473739425277599,8.872183389578748,59.81321366836935,54.50647566051104,37.94927142426431,2022,Manizales A.M.
6,0.41005400000011305,0.22596030143819598,0.027713332221293997,0.25367363365949,0.075691579838292,10.924798064939624,61.8634700940413,55.10501091030295,33.49773360919105,2022,Manizales A.M.
7,0.410431000000087,0.21855075824707598,0.026263281689788,0.244814039936864,0.07399377468776,10.727849471607568,59.64803826631324,53.249086508336276,33.85656278717119,2022,Manizales A.M.
8,0.41081800000036905,0.22816884449098399,0.021932859736981003,0.25010170422796496,0.083849476408602,8.769576282850693,60.87895472636065,55.54012835143032,36.748871913542644,2022,Manizales A.M.
9,0.41120699999991306,0.22666520967722997,0.024398350182332,0.25106355985956197,0.08243218659868501,9.71799738519591,61.055273830361614,55.12192391600287,36.367374912130536,2022,Manizales A.M.
10,0.411585999999869,0.231334425808486,0.021133027658988,0.25246745346747396,0.086834431472845,8.370594850441039,61.340146036928935,56.20561093150875,37.53632048899298,2022,Manizales A.M.
11,0.41198300000055205,0.225981535360851,0.022253256802848,0.24823479216369898,0.080882384902136,8.96460025159287,60.253649340717054,54.85215054032525,35.791590128362344,2022,Manizales A.M.
12,0.41236900000008403,0.22765413313310298,0.020037715848342,0.24769184898144503,0.086569067555634,8.089776038549841,60.0655842173865,55.20641297795339,38.02657406840028,2022,Manizales A.M.
1,0.41063016666675173,0.22184916514686293,0.024719124640428167,0.24656828978729106,0.07965170022508067,10.025265074334094,60.04631656480181,54.02651416180666,35.90353841194385,2023,Manizales A.M.
2,0.41102025000009457,0.22240352177297373,0.024821957035264502,0.24722547880823822,0.07885237214286991,10.040209914819414,60.14922106834915,54.110113010958116,35.45464186640051,2023,Manizales A.M.
3,0.41141250000014856,0.22293291274486768,0.024558106135114836,0.24749101887998248,0.07940843684692551,9.922827198438245,60.156416948899974,54.18719964628862,35.61988037979988,2023,Manizales A.M.
4,0.41180891666684905,0.2240936937335929,0.02475077581968975,0.24884446955328265,0.07881121791760416,9.946283260432317,60.42716888391135,54.41691150045771,35.16886914778446,2023,Manizales A.M.
5,0.4122095000001442,0.22408769159055206,0.02527974141780508,0.24936743300835718,0.07805944965544949,10.137547278259815,60.49531439917565,54.362573300827286,34.83433164106039,2023,Manizales A.M.
6,0.4126171666667817,0.224147075270665,0.024816873680095584,0.24896394895076057,0.07828142234511266,9.968059144580728,60.33775835405729,54.32325491481066,34.924132849195225,2023,Manizales A.M.
7,0.41303283333345525,0.2245677326534208,0.024492726876952833,0.24906045953037367,0.07822563757285,9.834048697708225,60.30040215454223,54.37043124175064,34.833872457347624,2023,Manizales A.M.
8,0.41345883333340244,0.22466399583903027,0.02456149072442483,0.2492254865634551,0.07737055210336509,9.855128006008025,60.27818647727044,54.33769404023522,34.43834060478493,2023,Manizales A.M.
9,0.4138963333334296,0.22502494234609807,0.024188569680323582,0.2492135120264217,0.07667075239430209,9.705962362810851,60.2115776236313,54.36746456142699,34.07211289332503,2023,Manizales A.M.
10,0.4143457500001008,0.2243420692321971,0.024605764995077665,0.24894783422727476,0.07511461040245933,9.883904020074361,60.08214980537731,54.143687785416525,33.48217775628818,2023,Manizales A.M.
11,0.4148080833334176,0.22468095459273976,0.02462670218384966,0.24930765677658942,0.0750002128072015,9.878036841009758,60.10192828768937,54.16503766927415,33.38076115225167,2023,Manizales A.M.
12,0.41528325000009475,0.22455250236268753,0.0247866412569705,0.249339143619658,0.07395084849685317,9.940934623077093,60.04074173942752,54.07213085590047,32.932542598617296,2023,Manizales A.M.
1,0.41577108333338336,0.22504343066773214,0.024895330221253082,0.24993876088898526,0.07455694621904875,9.960571994797872,60.11451274704774,54.1267634255561,33.13002561231355,2024,Manizales A.M.
2,0.41627191666672375,0.2252525285198287,0.024845418506699,0.25009794702652766,0.07523203790563959,9.934275271785285,60.08042748335613,54.111872432694206,33.398975984865366,2024,Manizales A.M.
3,0.416784416666663,0.22472700983182525,0.025410259084681665,0.25013726891650695,0.07530167738227167,10.158525834534208,60.01598402287733,53.919244781063405,33.5080671605179,2024,Manizales A.M.
4,0.4173072500000054,0.22434757227891075,0.025590242077566588,0.24993781435647736,0.07500141294982542,10.238643617595272,59.89299595357477,53.760765545987475,33.43090018223288,2024,Manizales A.M.
5,0.4178394166667107,0.22454895921089094,0.025625359474060666,0.2501743186849516,0.07494273864804725,10.243001603346457,59.873317046223754,53.74049222120235,33.37478780191666,2024,Manizales A.M.
6,0.4183786666666636,0.2242077744562824,0.026011876929085503,0.2502196513853679,0.074449153544979,10.395617124821316,59.80698140728249,53.589676606268334,33.20542908269919,2024,Manizales A.M.
7,0.41892274999998286,0.22437913464652218,0.02645693024756925,0.25083606489409144,0.07528373738003317,10.547498526075168,59.87644855623183,53.560981027297125,33.55202233872242,2024,Manizales A.M.
8,0.4194695833333575,0.22500493199633817,0.026888108301832,0.25189304029817017,0.07560780556015041,10.67441493024344,60.05037082700411,53.64034507777983,33.60273256649365,2024,Manizales A.M.
9,0.42001699999999215,0.2257014798783019,0.027143021832530503,0.25284450171083245,0.07594168223288075,10.735065088966351,60.19863522448786,53.73627255046966,33.64695804113843,2024,Manizales A.M.
10,0.42056308333334136,0.22657243087491283,0.026792304877124334,0.25336473575203716,0.07700365460898734,10.57459902523507,60.244169256106204,53.87358992118904,33.986330248405146,2024,Manizales A.M.
11,0.4211061666666143,0.22698958946807982,0.026632401394642253,0.2536219908627221,0.077157268107042,10.500824989209065,60.22756514594386,53.903173934706416,33.991544849193254,2024,Manizales A.M.
12,0.4216458333332529,0.22683103568479948,0.026922057942956337,0.25375309362775583,0.07720764909969068,10.609548659315958,60.181572677180704,53.79657944005361,34.03751557479864,2024,Manizales A.M.
1,0.4221809999999668,0.22759385272141944,0.02663225213833442,0.2542261048597539,0.07797511118366866,10.475813313123899,60.21732500036096,53.90907045116605,34.260640281489565,2025,Manizales A.M.
2,0.4227101666666031,0.2286558602188955,0.026498107049867253,0.25515396726876277,0.07800370305098249,10.385144049888845,60.3614455930524,54.09282251761862,34.11401876003022,2025,Manizales A.M.
3,0.4232332499999836,0.22973597263998638,0.026186984873973584,0.25592295751396005,0.07832357718298309,10.232370369721576,60.4685377422426,54.28117300330144,34.09286594647589,2025,Manizales A.M.
4,0.42374966666662806,0.23052985807088167,0.025674560258285916,0.2562044183291676,0.0792746188084665,10.021123142888044,60.461267225191364,54.402369182804314,34.38800486490201,2025,Manizales A.M.
5,0.4242609166666665,0.2317214735383363,0.025284330625618415,0.25700580416395474,0.08087092379249358,9.8380387586455,60.57729903173692,54.61768087405405,34.90005589797624,2025,Manizales A.M.
6,0.42476658333340117,0.233653868540583,0.024819297935150666,0.25847316647573365,0.08269274399017142,9.602272558331808,60.85063576502131,55.00759186538623,35.391129839482474,2025,Manizales A.M.
7,0.4252680000000361,0.23541893576684172,0.024433846787432916,0.2598527825542747,0.08354787938763192,9.402957531281963,61.10330016701294,55.35778280209696,35.48902262916417,2025,Manizales A.M.
8,0.4257652500000222,0.23604967404737268,0.023984749037366332,0.260034423084739,0.08430588194995349,9.22368229284408,61.074599931470566,55.441272872166145,35.715313859333776,2025,Manizales A.M.
9,0.42625916666665525,0.23741265902164418,0.023814177882867913,0.2612268369045121,0.08551939330273867,9.116283060753387,61.283570497100335,55.696786740848324,36.0214125292039,2025,Manizales A.M.
10,0.4267507499999806,0.23817103620808533,0.023868186579396083,0.26203922278748143,0.08622342018337259,9.108631267294522,61.40334206500946,55.8103380505122,36.20231139610145,2025,Manizales A.M.
11,0.42724091666664527,0.23996570300076733,0.023373353925609578,0.26333905692637694,0.08768280072980966,8.875764270753118,61.63713414458552,56.16636741466421,36.539721982490676,2025,Manizales A.M.
12,0.42772950000000387,0.24177559744288882,0.02312727306120108,0.26490287050408995,0.0890403695692185,8.730472802046894,61.93233585808029,56.525350120318244,36.827690846778374,2025,Manizales A.M.
1,0.42821616666662493,0.24210692449684243,0.022860455865622745,0.26496738036246514,0.08880114694230425,8.627649122073262,61.87701469214909,56.53848297729675,36.67848291694044,2026,Manizales A.M.
2,0.4287024999999718,0.24368257909939484,0.022430131418966836,0.26611271051836166,0.0895482658244955,8.428808746217015,62.07398149494794,56.84188431357663,36.74791450232065,2026,Manizales A.M.
3,0.4291880833332576,0.24498286543831768,0.02210682559111,0.26708969102942764,0.09016015819341493,8.276929560966954,62.23138558626681,57.08053763647777,36.80263843436661,2026,Manizales A.M.
4,0.4296729999999449,0.24567264107437878,0.021841238358853085,0.26751387943323185,0.089941868705614,8.16452529682834,62.259876565031114,57.176653193105054,36.610453777953886,2026,Manizales A.M.
2,3.2824889999976,1.8489341535517,0.26325098683421,2.1121851403859098,0.73972241215299,12.46344280152034,64.34705920986953,56.32720029078702,40.008045215240585,2022,Medellín A.M.
3,3.2874429999967796,1.94664067012699,0.26064237890178,2.2072830490287703,0.79676039289211,11.80828978940719,67.14285385422447,59.21443109823949,40.93001883291244,2022,Medellín A.M.
4,3.2929149999995704,2.01084625014458,0.20315583596058004,2.21400208610516,0.8002741561328001,9.175955037963348,67.23532451051572,61.06584136380205,39.797878931582176,2022,Medellín A.M.
5,3.2981979999985898,1.92698656087325,0.24356680789619,2.17055336876944,0.7395952076602099,11.221415303613396,65.81028091007174,58.42543597667799,38.38092193673881,2022,Medellín A.M.
6,3.30366099999627,1.91199947541112,0.23762211275404,2.14962158816516,0.79896145976018,11.054136879824776,65.06786223427848,57.87517167812554,41.78669869082399,2022,Medellín A.M.
7,3.30894200000148,1.8748813096066401,0.24069125145997997,2.11557256106662,0.74584733573309,11.37712106355876,63.935014910073185,56.66105086174981,39.78104277382619,2022,Medellín A.M.
8,3.3143839999993596,1.9125484170034803,0.26457443507299,2.17712285207647,0.7304378575824699,12.152480730274242,65.6871036089026,57.70449100055546,38.191862286388364,2022,Medellín A.M.
9,3.31983199999948,2.00818856099943,0.23291111930184002,2.24109968030127,0.79745931832406,10.392715743484015,67.50641840616095,60.49066823260168,39.71038047976842,2022,Medellín A.M.
10,3.32510999999766,2.0221959049955,0.23208849950913002,2.25428440450463,0.76933254039409,10.295440053852944,67.79578433514129,60.815909999877384,38.04441194315454,2022,Medellín A.M.
11,3.33057499999985,2.0088985270631396,0.15491576779417998,2.16381429485732,0.7906826180502701,7.159383693987243,64.96819002296652,60.31686802018361,39.35901228451739,2022,Medellín A.M.
12,3.3358809999972703,1.9745547298873,0.20635500335905002,2.1809097332463496,0.7863451840373201,9.461877317218645,65.3773241086278,59.19140190818904,39.82392445927299,2022,Medellín A.M.
1,3.311735166664931,1.945029066684296,0.23241020041682167,2.1774392671011173,0.7722905092635117,10.673556040267224,65.74919664527096,58.731419295312485,39.70585954173119,2023,Medellín A.M.
2,3.3171053333319356,1.9503957235217217,0.22804125166409664,2.1784369751858184,0.7734385178423201,10.468113342808321,65.67283086538714,58.79812449496761,39.655466247934804,2023,Medellín A.M.
3,3.322482333332188,1.9553790964741766,0.22248528073259333,2.17786437720677,0.7767341677790883,10.215754620034827,65.54931399808358,58.85295692492323,39.722945242671834,2023,Medellín A.M.
4,3.327871416665537,1.9544272691742508,0.22346110375310832,2.177888372927359,0.7692096869439409,10.260447988560045,65.44388590318675,58.7290500283977,39.357294030641185,2023,Medellín A.M.
5,3.333276333332479,1.954633347275701,0.22044934360059665,2.1750826908762977,0.7668826465367817,10.135216675913226,65.25359656280688,58.64000316234013,39.23409204113067,2023,Medellín A.M.
6,3.338701499999706,1.96280834123662,0.21533492099994167,2.1781432622365617,0.7650166809417175,9.886168863788665,65.23923334376414,58.789572569958494,38.97561798926008,2023,Medellín A.M.
7,3.3441523333327225,1.9770438049619592,0.21036037118854667,2.1874041761505056,0.7661359600575625,9.616895381389849,65.4098246167685,59.1194302142233,38.75159256131423,2023,Medellín A.M.
8,3.3496351666661255,1.984767571463139,0.2043526418384,2.189120213301539,0.7733854114145174,9.334920969470376,65.35398944597178,59.25324618079431,38.96604431340996,2023,Medellín A.M.
9,3.355152833332619,1.9855156078239908,0.20175394105845668,2.187269548882447,0.7719116854900325,9.224009046417706,65.19135364423528,59.17809728660887,38.877140146785486,2023,Medellín A.M.
10,3.36070699999957,1.9930478736432018,0.19779024930359415,2.1908381229467957,0.7769514091793401,9.028063152267753,65.18979854379083,59.30442236242127,38.983078101335714,2023,Medellín A.M.
11,3.3663020833329207,1.9929299567889098,0.19985932954111832,2.1927892863300285,0.77717334326079,9.114388271917079,65.13940912156593,59.202350456193834,38.99652070627727,2023,Medellín A.M.
12,3.3719358333331066,1.9948502752791109,0.19705480507475082,2.191905080353862,0.77135553622393,8.990115805696213,65.00435324675789,59.1603866111305,38.667339889255864,2023,Medellín A.M.
1,3.377609750000427,2.003339604796461,0.19556564374941168,2.198905248545872,0.7676498039324616,8.893773111812731,65.1024070659908,59.312346691212845,38.31850586363538,2024,Medellín A.M.
2,3.3833211666669403,2.009072514332016,0.19893119795441083,2.2080037122864264,0.7697405788185475,9.009549977088312,65.26142815054206,59.381667165557396,38.31323027553706,2024,Medellín A.M.
3,3.389080916666946,2.0096650816251977,0.2034223170677092,2.213087398692907,0.7640197330700499,9.191788683440809,65.30051813780263,59.29823250138387,38.01726666078082,2024,Medellín A.M.
4,3.3948723333334474,2.016081645551365,0.20065173556548002,2.216733381116845,0.7734793666467209,9.051685569167851,65.29651673057819,59.38608134850718,38.36547832045696,2024,Medellín A.M.
5,3.4006901666666516,2.0260797170671525,0.20086065566473668,2.2269403727318893,0.7820552328376625,9.019579424945794,65.48495345327889,59.57848606517162,38.599430528317264,2024,Medellín A.M.
6,3.4065275833331814,2.032758387875486,0.20334869824876753,2.2361070861242536,0.7843536960670917,9.09387119743102,65.6418312026786,59.67244762147191,38.58568242765192,2024,Medellín A.M.
7,3.4123782499999353,2.033707814297937,0.20489871820646502,2.238606532504402,0.7871835426802134,9.152958111724894,65.60253197324899,59.597959701506575,38.706816050267264,2024,Medellín A.M.
8,3.4182341666665814,2.042197948549584,0.20244098680329584,2.24463893535288,0.7819357165863784,9.018866402737064,65.66662276217968,59.744237784069355,38.288928707509825,2024,Medellín A.M.
9,3.4240908333336293,2.0501637987024224,0.1996082093860583,2.249772008088481,0.784103900417345,8.872375008152735,65.70421515068705,59.87469078635458,38.24591483439594,2024,Medellín A.M.
10,3.4299419166669236,2.052318833219545,0.2006760884037975,2.2529949216233427,0.78435071288391,8.907081257831024,65.6860954605526,59.83538156278472,38.21778079449143,2024,Medellín A.M.
11,3.4357790000000645,2.0672468676919484,0.19794557142774002,2.2651924391196885,0.7897439044372633,8.738576379173626,65.92951523132442,60.16821418641622,38.20268961485964,2024,Medellín A.M.
12,3.4416013333336117,2.0798787307789626,0.19547856191095334,2.275357292689916,0.7981066800031807,8.591115010331391,66.1133313336427,60.433459001608,38.37275068937656,2024,Medellín A.M.
1,3.4474039166665693,2.0846583450548235,0.19176551198892666,2.2764238570437505,0.804123405863235,8.423980946938439,66.03298923106506,60.47038279954621,38.57339058799526,2025,Medellín A.M.
2,3.4531835833334115,2.0980274706509996,0.1849474939813592,2.2829749646323587,0.8137538752976582,8.101161723038974,66.11218052961341,60.756325866281955,38.78661679511553,2025,Medellín A.M.
3,3.4589240833334816,2.1137826458631626,0.18038633928022416,2.294168985143387,0.82207571216692,7.862818321072801,66.3260866637009,61.110986969856796,38.89121304765115,2025,Medellín A.M.
4,3.4646370833336846,2.1154552231144192,0.18052240864547583,2.295977631759895,0.8204815634614758,7.862550843193676,66.26892157924658,61.05849392684216,38.78510660478764,2025,Medellín A.M.
5,3.4703228333336025,2.1237871497719554,0.17966136187052664,2.303448511642482,0.8150376141943166,7.799669103192521,66.3756261958425,61.198546987394806,38.37661482610593,2025,Medellín A.M.
6,3.475982166666545,2.1298107190378768,0.1746313382088075,2.304442057246684,0.8158820183025007,7.578031205412674,66.29614154369025,61.27219924952486,38.307724297259064,2025,Medellín A.M.
7,3.4816151666664865,2.141355149474976,0.17211365258809666,2.3134688020630727,0.8245915913084616,7.4396357726809015,66.44814809553264,61.50464789953342,38.50793230215163,2025,Medellín A.M.
8,3.4872217499999825,2.1476514817010846,0.16932969179510252,2.316981173496187,0.8365157524677974,7.30820317972606,66.44203723196549,61.58631815430422,38.95025610976789,2025,Medellín A.M.
9,3.4928014166665746,2.151909031890028,0.16769167799142917,2.3196007098814566,0.8349758196672208,7.22933379340098,66.41089581597839,61.60983048225357,38.80163182055419,2025,Medellín A.M.
10,3.4983564166667676,2.159476798334969,0.16858430917523834,2.3280611075102073,0.8419875239932425,7.241403957627826,66.5472819298493,61.72832442248745,38.990348247429374,2025,Medellín A.M.
11,3.5038882499999393,2.157299912225531,0.16951397399456916,2.3268138862201,0.8349782827312309,7.28523991533951,66.4066237335092,61.568741874846275,38.70478453178278,2025,Medellín A.M.
12,3.5093962499997886,2.166245897652357,0.17205897511201584,2.3383048727643727,0.8389835501232618,7.358278089229896,66.6298333442544,61.72702491639374,38.72983907470985,2025,Medellín A.M.
1,3.514880166666559,2.1659559169419986,0.17562817253926585,2.3415840894812643,0.8373330047851733,7.500399978297303,66.61917272991913,61.62246831294244,38.65882025740212,2026,Medellín A.M.
2,3.5203409166665556,2.1611324363365885,0.18070313174773667,2.341835568084325,0.8289240095072867,7.716303151700611,66.5229767093646,61.38986216093484,38.356002416604554,2026,Medellín A.M.
3,3.5257802499999022,2.1614967405888517,0.187480688561345,2.348977429150197,0.8286101031695976,7.981374628583425,66.62291074862824,61.305486653313444,38.33501515916518,2026,Medellín A.M.
4,3.5311950833334493,2.1675531231191925,0.18888892248402167,2.356442045603214,0.8291586658024991,8.015852663826873,66.73213996941601,61.3829899500489,38.253210819087464,2026,Medellín A.M.
1,0.008381999999994,0.0035883244194589996,0.0008522710022660001,0.004440595421725,0.001117415822792,19.192719023588186,52.9777549717034,42.80988331497934,31.140323230876355,2023,Mitú
2,0.008418000000014,0.003848955407982,0.000915769743784,0.004764725151766,0.001409041737971,19.21978109156157,56.60162926773671,45.72292002822047,36.608419392152896,2023,Mitú
3,0.008448999999988998,0.004245656931642,0.001214208382726,0.005459865314368001,0.001066191710131,22.23879734781606,64.62143821014452,50.2504075233463,25.11252621908507,2023,Mitú
4,0.0084829999999898,0.0049575820607441,0.000390654429631,0.005348236490375099,0.0015092057132710002,7.304359676952157,63.04652234329281,58.441377587528706,30.44237482666053,2023,Mitú
5,0.008516999999994999,0.00442601731731,0.000583413940524,0.005009431257834,0.0011312181714200002,11.646310938225334,58.816851682951054,51.966858251879756,25.558376534042132,2023,Mitú
6,0.0085559999999785,0.005264276674371,0.000333467379758,0.005597744054129,0.001539512769151,5.957174471241291,65.424778566422,61.52731035979697,29.244526159616186,2023,Mitú
7,0.008585000000001,0.0053727939351720004,0.00030701999298099995,0.005679813928153,0.0014635722211639999,5.405458644678502,66.15974290218216,62.58350536017909,27.24043093450868,2023,Mitú
8,0.008621000000022501,0.0053288371935924,0.000174892105894,0.0055037292994864,0.001443485826481,3.177701815936345,63.84096159925803,61.81228620320719,27.088195304910105,2023,Mitú
9,0.0086530000000073,0.0047118185711743,0.000134875607323,0.0048466941784973,0.0011415545543019,2.782837174282321,56.01172054193009,54.453005560734134,24.227472621412858,2023,Mitú
10,0.0086890000000064,0.0049263163022904,9.387260729000001e-05,0.0050201889095804,0.0017262138390620003,1.8699018897646646,57.776371384241024,56.69600992388965,35.040661888872805,2023,Mitú
11,0.008722000000011,0.0052548806655380005,0.000260162385152,0.00551504305069,0.0013475102323179998,4.717322834305899,63.23140392895029,60.24857447295773,25.643022517239984,2023,Mitú
12,0.008569166666667991,0.0046975265472955505,0.0004443411277695,0.0051418676750650495,0.0013225985774909918,8.64162899259905,60.00429067467768,54.818942494931335,28.155212411783715,2023,Mitú
1,0.008602916666668549,0.004753924178252925,0.00041602260288916665,0.005169946781142091,0.0013434568428829334,8.046941690128254,60.095279094969264,55.259447027677254,28.25995519719576,2024,Mitú
2,0.00863650000000105,0.004801463571272508,0.0004218119478723334,0.005223275519144841,0.00134807580859035,8.0756212519571,60.479077394131956,55.595016167103864,28.0763518993663,2024,Mitú
3,0.008669916666667409,0.004853061467462758,0.00036398338303708335,0.005217044850499841,0.0013764831039415166,6.976811460653062,60.1741060621428,55.97587213405368,28.363191217958327,2024,Mitú
4,0.008703416666667317,0.004821874456540558,0.0003752311845092667,0.005197105641049825,0.001337375153248775,7.220003025250596,59.713395785748155,55.40208680353729,27.735586343081014,2024,Mitú
5,0.00873658333333515,0.004855736251877892,0.00035178842870493333,0.005207524680582825,0.0013888348059496085,6.755386681442693,59.60596358891339,55.57935026328236,28.601940754349968,2024,Mitú
6,0.008769500000002942,0.004859990045798558,0.00035126059050951666,0.005211250636308075,0.0014017696854290251,6.740427874687067,59.42471790075064,55.41923765091429,28.843056718621252,2024,Mitú
7,0.008802250000002775,0.004843981361428475,0.00036206416239818333,0.0052060455238266586,0.0014118825927036084,6.954686829784984,59.14448605555418,55.03117227330453,29.147151637413582,2024,Mitú
8,0.008835166666668318,0.004793075193388025,0.0003792563180101,0.005172331511398125,0.0014283698784228584,7.3324054572747945,58.54254601570042,54.249969176817594,29.80069831562987,2024,Mitú
9,0.008867833333334291,0.004776629671220833,0.00039410231163218334,0.0051707319828530164,0.0014800928364627833,7.6217895829660165,58.308853904777095,53.864675751915925,30.986133285155727,2024,Mitú
10,0.008900333333333591,0.004801540191486967,0.0004029247406101834,0.005204464932097149,0.0014790248582945333,7.74190518847101,58.47494399569677,53.94786927253842,30.80313398015108,2024,Mitú
11,0.008933000000000342,0.004806422085425967,0.0003941718170621,0.005200593902488066,0.0015276568481480332,7.57936159701915,58.21777569112131,53.80523995774973,31.783659882476705,2024,Mitú
12,0.008965416666667059,0.004830906008425266,0.0003997454727650166,0.005230651481190284,0.0015493424543629498,7.642364898569973,58.34253638916267,53.88378686722187,32.07146758104677,2024,Mitú
1,0.008997833333334333,0.004862470121070641,0.00041659836098335,0.005279068482053992,0.0015827378064995083,7.891512724253559,58.670440832645696,54.04045552896179,32.55007778127002,2025,Mitú
2,0.009029999999998409,0.00489109161171805,0.00037441473341970837,0.005265506345137758,0.0016227915152463,7.1107070978168725,58.31125520640848,54.164912643620276,33.17851400203638,2025,Mitú
3,0.009062333333331557,0.004948837601736041,0.000357929799779825,0.005306767401515866,0.0016763302660648,6.7447802531835706,58.55851033416971,54.608867492592175,33.873212276691945,2025,Mitú
4,0.009094416666666,0.005020612229898983,0.00034023635304339167,0.0053608485829423754,0.001796033952703208,6.346688360607422,58.9465908527331,55.205434432107815,35.77320594503163,2025,Mitú
5,0.009126749999998999,0.005037331797126984,0.00034756937725422503,0.005384901174381208,0.0017982794970319582,6.454517288224236,59.001300291799375,55.19305116418809,35.69904801699975,2025,Mitú
6,0.009159083333332908,0.0049834746999779,0.00034745858817980833,0.005330933288157708,0.0017973307996946247,6.517781585293199,58.203786275824065,54.41019061199499,36.06581567881934,2025,Mitú
7,0.009190999999998643,0.004992210820309634,0.00032424463993264166,0.005316455460242275,0.0018312817161322081,6.0988875456104275,57.84414601504798,54.31629659787151,36.682780075754614,2025,Mitú
8,0.009222666666664768,0.0051175678393239,0.0003141625083976417,0.005431730347721542,0.001882263347457125,5.783838450843275,58.89544254433996,55.48902529266611,36.78042786250192,2025,Mitú
9,0.009254583333331482,0.00521624679543095,0.000328334098297975,0.0055445808937289245,0.00187549222826905,5.921711750464855,59.91172907546747,56.36392917489885,35.954821576154025,2025,Mitú
10,0.009286249999999333,0.0052381147863764755,0.0003419084961448083,0.005580023282521283,0.0019055459699749918,6.127366837622226,60.08909174878647,56.40721266794294,36.37846911890937,2025,Mitú
11,0.009317583333331159,0.005284976946176567,0.00034771171556122497,0.0056326886617377924,0.001896731464259575,6.173103759900503,60.452248831393405,56.72046878583825,35.889115195323065,2025,Mitú
12,0.009348833333332916,0.005321765982405567,0.00034900953121989165,0.0056707755136254576,0.0019224442926034082,6.154529135941088,60.65757417459267,56.92438609886229,36.124179435158425,2025,Mitú
1,0.0093801666666665,0.0053200437329200675,0.0003436107520293083,0.0056636544849493755,0.0019052093279010752,6.066944107244206,60.3790389468859,56.71587640148713,35.81191102080176,2026,Mitú
2,0.009411333333333759,0.005364989071581491,0.0003352651349296167,0.005700254206511109,0.0019023874595131168,5.881582167803332,60.567976976455874,57.005621643209416,35.45929794321708,2026,Mitú
3,0.009442416666668401,0.005290045762046417,0.0003550419910510833,0.0056450877530975,0.0018648479351992334,6.289397199472573,59.78435343808308,56.02427798722549,35.25201896321272,2026,Mitú
4,0.009473250000001234,0.005313727890945918,0.00035005141906808334,0.0056637793100140004,0.0018348286492656499,6.180527169361372,59.787077402298706,56.09192083968253,34.52997004969001,2026,Mitú
1,0.033167999999905995,0.015268599367667,0.005666399597466999,0.020934998965134,0.008550537389527999,27.06663423726006,63.11806248550812,46.034127374910376,56.00079734644644,2023,Mocoa
2,0.033228999999886,0.014271945295947,0.006699771868577,0.020971717164524003,0.006884726828143,31.94670143611516,63.11269422671747,42.950270233819744,48.23958251926702,2023,Mocoa
3,0.033279999999975,0.014953444364117,0.00621584123132,0.021169285595436998,0.006783780251663,29.362546049545546,63.6096321978753,44.93222465182762,45.36600455706167,2023,Mocoa
4,0.033338999999982,0.013925629305220998,0.004140992639496,0.018066621944717,0.007294036870584,22.92068020334537,54.19065342309833,41.76978705188672,52.378508078262,2023,Mocoa
5,0.033400000000069,0.014433927185232998,0.00597953800484,0.020413465190073,0.004904972105871,29.29212629587175,61.11815925158931,43.21535085390173,33.9822422749171,2023,Mocoa
6,0.033463000000189,0.013735797942341,0.005170054791159,0.0189058527335,0.008028319960457,27.346318962899684,56.49778182886537,41.04771820298066,58.44815127710541,2023,Mocoa
7,0.033521999999928,0.013471067177203,0.003953536663736,0.017424603840939003,0.006628417463145001,22.689391964523114,51.97960694760584,40.185750185645055,49.2048430607059,2023,Mocoa
8,0.033587999999979,0.013145532827793,0.004790376489449,0.017935909317242,0.0061289353997090006,26.70830011860037,53.39975383247949,39.13758731630707,46.62371225265873,2023,Mocoa
9,0.033649999999965,0.014948639358426,0.004962081788447,0.019910721146873003,0.0074654356277699995,24.921657793526474,59.17004798482529,44.42389110978172,49.94056949779852,2023,Mocoa
10,0.033715999999959,0.014018402485691,0.003707677840926,0.017726080326617,0.0069453647851260005,20.916512689828288,52.574683612049334,41.57789324269797,49.54462387718815,2023,Mocoa
11,0.033786000000024,0.015552592156955999,0.005917260107659,0.021469852264615,0.004855716167764,27.56078632833158,63.5465940466458,46.03265304251747,31.22126600350829,2023,Mocoa
12,0.03349933333331825,0.01451444672854875,0.005310913699480083,0.019825360428028835,0.006683943652728583,26.78848497488894,59.18135812067234,43.3275688925808,46.05028202405955,2023,Mocoa
1,0.03356208333331833,0.014398775623617917,0.005333599409682417,0.019732375033300335,0.006295138734959832,27.029688016173626,58.79365365174238,42.90191249636675,43.71995855421268,2024,Mocoa
2,0.033625583333326915,0.014504761529213,0.00531604496516425,0.01982080649437725,0.00623966133423725,26.82052804799997,58.945613814028604,43.136088927971315,43.01802081799412,2024,Mocoa
3,0.03369008333333392,0.014484013658345916,0.005385373098130417,0.019869386756476332,0.006159841884885583,27.103871720525447,58.97695936185768,42.99191995175335,42.52855617362792,2024,Mocoa
4,0.03375558333333867,0.014572770607250166,0.005596826631921667,0.020169597239171833,0.005858326889346501,27.748826937664095,59.751884717842664,43.17143763549594,40.2005016563693,2024,Mocoa
5,0.033821416666666666,0.014632570664444669,0.005569550416685667,0.02020212108113033,0.005847385042564834,27.5691368956692,59.73174122253996,43.26421571473106,39.96143382224187,2024,Mocoa
6,0.033887833333317414,0.014783997168683083,0.0055188745007204165,0.0203028716694035,0.005729395995379833,27.182728584338044,59.91197923368674,43.6262685290887,38.75403877590293,2024,Mocoa
7,0.033954666666649834,0.0150620390923085,0.005564487044927249,0.020626526137235746,0.00566920119120375,26.97733495162832,60.747249677744755,44.359260658277606,37.63900197350274,2024,Mocoa
8,0.03402166666665025,0.015312484707862168,0.005609936008332917,0.020922420716195083,0.005759915252881167,26.81303509010563,61.49734203558079,45.00803813609824,37.615810645830386,2024,Mocoa
9,0.03408899999998367,0.015342986739274748,0.005667624653866666,0.021010611393141417,0.005731500169183167,26.97505821137967,61.63457828962857,45.00861491766288,37.35583082081247,2024,Mocoa
10,0.03415599999998767,0.01570963576176508,0.0057649311324037495,0.021474566894168833,0.005798558122194,26.84538952899278,62.87201924750142,45.993780775766346,36.91083746388843,2024,Mocoa
11,0.034223333333319166,0.01572649929695617,0.005761205016666084,0.02148770431362225,0.005771969539665083,26.811635773551366,62.78670784152472,45.95256442085131,36.70218928367762,2024,Mocoa
12,0.034290249999989836,0.01573173704073325,0.005607656445554749,0.021339393486287998,0.005860625989502668,26.278424685116036,62.23166493768439,45.87816373674124,37.25352117396889,2024,Mocoa
1,0.03435666666666309,0.015931461818868748,0.005565964910100251,0.021497426728969,0.006037421033027751,25.891307737775882,62.57134004745679,46.370801840119555,37.89621505967023,2025,Mocoa
2,0.03442266666667367,0.0160460379919595,0.005419501787672917,0.021465539779632416,0.006047528987377916,25.24745169844372,62.35873585126481,46.61474413745662,37.68861192032743,2025,Mocoa
3,0.03448849999999517,0.016144264520378416,0.00529278414696475,0.021437048667343167,0.006053984170021834,24.689891920746007,62.15709197948931,46.81057314867471,37.49928751712457,2025,Mocoa
4,0.034553666666653,0.016280074109406333,0.005008693221417083,0.021288767330823414,0.006211852233452333,23.527398949797977,61.610733055339516,47.11533009351474,38.156166806779076,2025,Mocoa
5,0.034618749999991254,0.016465019053175666,0.004865785439792334,0.021330804492967998,0.006427094892366584,22.8110732597845,61.61633361393287,47.560986613265435,39.034846371021764,2025,Mocoa
6,0.03468333333333325,0.016659473655475165,0.004747594382736917,0.021407068038212084,0.006314563373040583,22.17769558289046,61.72148401214456,48.033081178688725,37.90373875926921,2025,Mocoa
7,0.03474808333333509,0.016737609463987665,0.0047126525609734165,0.021450262024961083,0.006344540618448167,21.970139830876807,61.73077754876648,48.16843940261497,37.90589469839743,2025,Mocoa
8,0.034812416666676914,0.016744502173151415,0.004507246816442834,0.02125174898959425,0.006225504472489416,21.20882765296057,61.046462798248704,48.09922371513943,37.17939421615984,2025,Mocoa
9,0.03487675000001242,0.01696940993503275,0.00424943121566225,0.021218841150695,0.0062149138955828334,20.02668847692026,60.83950239253212,48.65536477747126,36.6242192237478,2025,Mocoa
10,0.03494150000001575,0.016909730758625,0.004214745587253917,0.021124476345878915,0.0060864248700255,19.951952977410272,60.456695751096525,48.39440424314176,35.993623771455084,2025,Mocoa
11,0.035005500000009335,0.017035193209587917,0.003980962106232083,0.02101615531582,0.006175846167045334,18.94239001571994,60.03672370288782,48.66433334642663,36.25345536773473,2025,Mocoa
12,0.03506983333335025,0.017166240320082415,0.003975531306590917,0.02114177162667333,0.0061292640674656665,18.804154054787077,60.284779302239244,48.94873653065778,35.705337646328836,2025,Mocoa
1,0.03513441666669242,0.017145396196519083,0.00386555471593875,0.021010950912457832,0.00621141252370825,18.397809466333015,59.801621617291026,48.7994332143644,36.227873958195914,2026,Mocoa
2,0.035199250000008335,0.017044773605383333,0.0038072397273061667,0.0208520133326895,0.00595874286902075,18.258379498240554,59.2399364551363,48.42368404264096,34.959354738151355,2026,Mocoa
3,0.03526416666668292,0.016985295906329082,0.003685048223374666,0.02067034412970375,0.005902174981791917,17.827706206783315,58.615716982851026,48.16587916814875,34.748732164228244,2026,Mocoa
4,0.03532900000002242,0.016833817478010583,0.003722414558444917,0.020556232036455502,0.005895459025967334,18.108447850965057,58.1851511122377,47.64872336607292,35.021521610700376,2026,Mocoa
2,0.30692399999972797,0.161927567214647,0.029119471497049004,0.19104703871169598,0.10337622661366701,15.242042846313062,62.245715132040935,52.75819656162128,63.84102990730056,2022,Montería
3,0.307151999999889,0.175439976017768,0.029538198505269998,0.20497817452303804,0.113551185292185,14.410411534790072,66.73509354427519,57.118291926417996,64.72366667485458,2022,Montería
4,0.307402000000149,0.16959693307135498,0.027359774089731996,0.196956707161087,0.10546831085459099,13.891262950164462,64.0713811754613,55.17105714057578,62.18762859952015,2022,Montería
5,0.307645999999988,0.17100321657169804,0.028827331112545998,0.199830547684244,0.103614263621386,14.425888056963446,64.95470368028572,55.5844108396354,60.59199686337053,2022,Montería
6,0.307899999999708,0.172384629742509,0.024961836235261003,0.19734646597776997,0.110571428126663,12.648737392679138,64.0943377648448,55.98721329739281,64.14227781898165,2022,Montería
7,0.308141999999933,0.167030924693683,0.02699141628593,0.19402234097961302,0.102778858597787,13.911499134404389,62.96523712433073,54.205828706803786,61.53283219036986,2022,Montería
8,0.30839799999997203,0.16630306947144,0.029060402647621,0.195363472119061,0.10981461937415099,14.875044107483218,63.347840167276935,53.92482100125652,66.03282773022417,2022,Montería
9,0.30865000000005,0.166491827693356,0.029214958902241996,0.19570678659559798,0.101954604923483,14.927923252151096,63.407350265856564,53.94194968194688,61.237002642113225,2022,Montería
10,0.30889600000018996,0.163881895333561,0.025384682760681003,0.189266578094242,0.101710155334847,13.412131722506833,61.27194204331736,53.0540684675296,62.06308215305221,2022,Montería
11,0.30915099999963,0.165191933312057,0.022990766609596997,0.188182699921654,0.10756850161350198,12.217258344772782,60.870804209554294,53.43406080273222,65.11728475887435,2022,Montería
12,0.30939500000006004,0.166428776668901,0.025223921432103003,0.191652698101004,0.102909935331324,13.161266020272567,61.94434237817896,53.791682693278396,61.83421965304503,2022,Montería
1,0.3082749999999336,0.16710439766798482,0.027111744599563333,0.19421614226754816,0.10524473898986449,13.959573227551164,63.000938210231126,54.206276106729646,62.981429847808315,2023,Montería
2,0.3085221666666103,0.1678778074617611,0.026534854599885832,0.19441266206164695,0.10501608292496366,13.648727566660144,63.014163345912735,54.413531862418886,62.555071758894655,2023,Montería
3,0.30876883333328575,0.16736683488887874,0.026439234103161086,0.1938060689920398,0.10468909386171325,13.64210844411019,62.76736770995443,54.20457533944904,62.55068032517933,2023,Montería
4,0.30901483333328633,0.1669217813016902,0.026723883180989585,0.19364566448267975,0.10467403880550065,13.800403563065492,62.66549161859303,54.01740088044822,62.70843624434816,2023,Montería
5,0.3092599166666162,0.16743683906225681,0.026367066123250082,0.19380390518550691,0.10478192311442558,13.605023127894055,62.66699780380157,54.141138259037504,62.57996967767965,2023,Montería
6,0.3095030833333452,0.1667672054395016,0.026681637432494913,0.19344884287199648,0.10337192911227892,13.79260637405308,62.50304222773949,53.88224364145921,61.98576563050901,2023,Montería
7,0.309745333333394,0.16728434109397902,0.026438883192794832,0.19372322428677383,0.10345717279555174,13.647761279079592,62.542741871839624,54.00705776378001,61.84510284643457,2023,Montería
8,0.30998491666672906,0.1685816222969039,0.02572422967460508,0.19430585197150899,0.10317808808527608,13.239040107951569,62.6823569549389,54.38381457706517,61.203639328823215,2023,Montería
9,0.3102217500000808,0.16946447819709684,0.024955103362883164,0.19441958155998,0.10329334505258551,12.835694410330944,62.671163952859324,54.62688486447283,60.952800345833815,2023,Montería
10,0.31045575000005937,0.1700916476136115,0.025495899476494,0.1955875470901055,0.10356524375200943,13.035543344049536,63.00013676347373,54.78772662886063,60.88790672853808,2023,Montería
11,0.310686500000069,0.17147831684157058,0.02564591798943625,0.19712423483100683,0.10437056024822759,13.010027920424044,63.447956326059575,55.19335949310077,60.86516486201338,2023,Montería
12,0.31091408333340625,0.1730906038538975,0.024875696147577748,0.19796630000147522,0.10545609060531491,12.565621596904311,63.6723489264356,55.671522498479156,60.92536986833116,2023,Montería
1,0.31113816666672395,0.17464025295848784,0.02521710620277125,0.1998573591612591,0.10582839544090417,12.617551992380877,64.23427935645599,56.12948576172398,60.597939849560156,2024,Montería
2,0.31135891666671334,0.17557077213891978,0.025808913815363165,0.2013796859542829,0.10650216098562142,12.816046312249336,64.67766785360605,56.38854798780512,60.66053004616961,2024,Montería
3,0.31157700000004673,0.17620713880941619,0.025690018807374666,0.20189715761679083,0.10584682355586433,12.724309302132616,64.79847922560413,56.55332030586011,60.06954330627158,2024,Montería
4,0.3117916666666999,0.17768903909831577,0.025355693227414502,0.20304473232573025,0.10621032746238267,12.487737523147443,65.12192403871451,56.98966909473639,59.77314526621771,2024,Montería
5,0.31200275000004535,0.17797158712484384,0.0252128709992685,0.20318445812411234,0.10646172331129859,12.408858055406764,65.12264976000462,57.04167258936595,59.819505479050214,2024,Montería
6,0.3122110833333503,0.18003356636682907,0.02450875381807317,0.20454232018490226,0.1084069178213296,11.982241032524582,65.51411243991963,57.66405357704928,60.214836604660746,2024,Montería
7,0.3124160833333302,0.18079004414237998,0.024472125231415832,0.20526216937379582,0.10923774391660283,11.922374837055576,65.70153725241885,57.86835370747775,60.42243334515334,2024,Montería
8,0.3126184166666431,0.18146979992286616,0.02473509412937767,0.20620489405224382,0.10957569491604474,11.995396250445355,65.9605714375196,58.04833952453106,60.38233081351274,2024,Montería
9,0.3128189166666165,0.18223357478364244,0.02498188305600117,0.20721545783964357,0.11077881712261857,12.055993947774752,66.24134500807101,58.25529246297339,60.78946607623824,2024,Montería
10,0.3130169999999477,0.183676041742088,0.024247867368108172,0.20792390911019618,0.11115911477332281,11.661894715175448,66.42575614430875,58.67925439900027,60.51911491505728,2024,Montería
11,0.3132130833333027,0.18411971506669314,0.023465457141665997,0.20758517220835915,0.11091122798046783,11.304014102757325,66.27602206114084,58.78417118060292,60.23864850121715,2024,Montería
12,0.313407083333292,0.18283273110875967,0.024071717819010418,0.20690444892777007,0.10910706933027502,11.634219536484595,66.01779600103616,58.33714068112707,59.67589537639828,2024,Montería
1,0.3135997499999841,0.18142347190431976,0.02384004748407825,0.205263519388398,0.10887418886858134,11.614361653308837,65.4539805559183,57.851918537667515,60.0110822077091,2025,Montería
2,0.3137910833333561,0.18089405487583224,0.023437093406431003,0.20433114828226326,0.10922246221198077,11.470152056335033,65.11693898745744,57.64792707116517,60.3792436887726,2025,Montería
3,0.3139809999999969,0.18129356058047294,0.022770714817613915,0.20406427539808683,0.10951639862269551,11.158599305632013,64.99255540879507,57.74029657223677,60.408322431332664,2025,Montería
4,0.3141699999999931,0.1800155536150099,0.022538281751110667,0.2025538353661206,0.10900031886740284,11.127057510598217,64.47268528698635,57.29877251647638,60.55050059758518,2025,Montería
5,0.3143586666666176,0.18028718476226482,0.022259215482763082,0.20254640024502793,0.10888358089202517,10.989687032618344,64.43162594904108,57.35079190721415,60.39452057316452,2025,Montería
6,0.31454666666661535,0.17991545264340683,0.02211171131909508,0.2020271639625019,0.10853856111079441,10.944919923342198,64.22804161413299,57.198333891135235,60.32753691586363,2025,Montería
7,0.31473408333327796,0.17917224053721967,0.022218783823527502,0.20139102436074718,0.10912492977504767,11.032658428574004,63.987675636480205,56.92813394712346,60.90504279449417,2025,Montería
8,0.3149212499999448,0.17881514407693744,0.021552733662311002,0.20036787773924844,0.10948610057076576,10.756581297107392,63.62475626502929,56.78090763229498,61.22865103844784,2025,Montería
9,0.31510808333328283,0.17849354026333267,0.020934478203431,0.1994280184667637,0.109824539462205,10.497260296912543,63.28876630430109,56.645179766633916,61.52857929770463,2025,Montería
10,0.3152950833332886,0.17827127941317553,0.020474603334181333,0.19874588274735683,0.10959137267596052,10.301900623626192,63.03488168804356,56.54109081832098,61.47449720263853,2025,Montería
11,0.315482166666618,0.1780253143543182,0.020760067470786084,0.19878538182510427,0.10888094686067,10.443457803678564,63.01002174717798,56.42959671392277,61.16037331857629,2025,Montería
12,0.3156696666666577,0.17913355641307468,0.02009240694091558,0.19922596335399026,0.11019547098571575,10.085235178516784,63.11216578321724,56.74715543772438,61.515817132335314,2025,Montería
1,0.31585741666666417,0.180638113642822,0.020082296554453167,0.20072041019727516,0.10939425481344967,10.005109363176157,63.54779074543712,57.1897647834738,60.55989658403779,2026,Montería
2,0.3160460000001036,0.18117726880381926,0.019772442267719164,0.20094971107153844,0.10869018179743924,9.839497734176955,63.58242504935123,57.32623377728555,59.99106980419832,2026,Montería
3,0.3162347500000645,0.1815258431564766,0.019913319333601333,0.2014391624900779,0.10904928923734115,9.885525280905686,63.6992495258781,57.402244110250244,60.07369933731137,2026,Montería
4,0.31642408333344485,0.18214863740715578,0.01981795950884342,0.20196659691599916,0.10847063315365985,9.812493655614743,63.827820811972956,57.564719944280974,59.550614650603215,2026,Montería
2,0.252982999999757,0.145847915602907,0.027308897294460004,0.173156812897367,0.089158774068311,15.77119423573963,68.44602716290554,57.6512712723966,61.13133238808791,2022,Pasto
3,0.253072,0.15396591909709897,0.019968413749390002,0.173934332846489,0.08275016394923801,11.480432541753405,68.72918886581249,60.838780701578585,53.745766877831855,2022,Pasto
4,0.253172999999988,0.14852267983387,0.020427985042405998,0.168950664876276,0.075295257872737,12.091094792296666,66.73328707100836,58.66450207323729,50.69613472969819,2022,Pasto
5,0.253271000000165,0.14773551375068,0.01873847640585,0.16647399015653,0.08118530589824201,11.256098558237735,65.7295901056266,58.33100266141159,54.95314148719257,2022,Pasto
6,0.25336700000000195,0.153014374484094,0.020055946554986,0.17307032103908002,0.090559337055086,11.588322269568843,68.3081541949341,60.39238515043112,59.183548840046875,2022,Pasto
7,0.25346199999998503,0.14981084560082703,0.019552421461869002,0.16936326706269603,0.083449089768692,11.54466479123301,66.8199836909304,59.10584056025593,55.70296959076194,2022,Pasto
8,0.25355599999989,0.15108283992768098,0.017543890297302998,0.168626730224984,0.08936961228906301,10.4039794129292,66.50472882718499,59.58559053138026,59.152721997972556,2022,Pasto
9,0.253651000000038,0.149914753195731,0.018701198997564,0.168615952193295,0.08223510744655,11.091002217942965,66.47557162923457,59.10276450544589,54.854579481702224,2022,Pasto
10,0.25374299999968997,0.148202453321648,0.019314850410553,0.167517303732201,0.07734444704124,11.530062853345822,66.01849262143415,58.40651892735133,52.18837158746431,2022,Pasto
11,0.253832000000196,0.152879624411975,0.017160540976889998,0.170040165388865,0.08166647477528799,10.09205145010624,66.98925485704468,60.22866479082896,53.4188091378455,2022,Pasto
12,0.253927000000119,0.150375873596442,0.020104245090829,0.170480118687271,0.082099173936137,11.792721195665202,67.13745237300135,59.22011979678079,54.59597472162551,2022,Pasto
1,0.2535045000000044,0.14965967755074433,0.020478888256877666,0.170138565807622,0.08358330085949676,12.036593913712323,67.11461366864062,59.03630016458947,55.84891149532017,2023,Pasto
2,0.25359833333336695,0.1503050029259535,0.019749535179034498,0.17005453810498802,0.08355870110812168,11.613647832697978,67.05664657560794,59.268923793899894,55.59276104022044,2023,Pasto
3,0.25369166666670506,0.15052001989492766,0.019773107219865,0.1702931271147927,0.08376318551884533,11.61121858226032,67.12602323612006,59.331873952595295,55.64919907485878,2023,Pasto
4,0.2537844166667169,0.1510284323976814,0.019771311030696417,0.17079974342837786,0.08419486949509301,11.57572642314138,67.30111551832637,59.51052250620255,55.74769476080822,2023,Pasto
5,0.25387658333339597,0.1512971454264015,0.019738587451082666,0.17103573287748416,0.08433918819016174,11.540622020324697,67.36963710153468,59.59476192718214,55.74407101500044,2023,Pasto
6,0.2539682500000559,0.15188988883249133,0.019662925869855997,0.17155281470234737,0.08400224064473526,11.461733171776952,67.54892184448632,59.80664466225911,55.30469558600798,2023,Pasto
7,0.2540596666667257,0.15244204901328165,0.019427631247299498,0.17186968026058116,0.08457796523964807,11.303698952511104,67.64933706932672,60.002459663640515,55.4820443487211,2023,Pasto
8,0.25415116666675724,0.15319494239848158,0.019548024063021748,0.17274296646150333,0.08449853395481892,11.316248912153611,67.96859079069417,60.2770958747361,55.15752193373744,2023,Pasto
9,0.2542427500000773,0.15411863517221108,0.01944303970160325,0.17356167487381433,0.08478872556441859,11.202380776596591,68.26612553308267,60.61869420943733,55.01523256397661,2023,Pasto
10,0.2543345833334362,0.15525902055627536,0.019253024099085917,0.17451204465536127,0.08554760051443759,11.032490128178917,68.61514559605664,61.0451864317361,55.09992283084764,2023,Pasto
11,0.25442716666676174,0.1562089459623931,0.019115647060039747,0.17532459302243283,0.08581299592710208,10.903003811675122,68.90954111518516,61.39633122078868,54.93475127075074,2023,Pasto
12,0.25452016666674265,0.1569614016193451,0.01894494018401258,0.17590634180335765,0.0866484992904356,10.769901749870261,69.11292889167466,61.6695343535836,55.203698741535945,2023,Pasto
1,0.2546141666667094,0.15757608651621866,0.018784857927894836,0.17636094444411352,0.08657467000804026,10.651370680228759,69.26595905991769,61.888185005230355,54.941502814343266,2024,Pasto
2,0.2547094166667018,0.15784274339715543,0.0190569134257325,0.1768996568228879,0.0865407161895805,10.772724926658448,69.45155744059855,61.96973220024269,54.82717439333362,2024,Pasto
3,0.25480641666669596,0.1574692512499876,0.019171767202171584,0.17664101845215918,0.08646478078637616,10.853519397797175,69.32361467302356,61.79956270723277,54.90899340666229,2024,Pasto
4,0.2549045000000134,0.15724201343822283,0.019383832913545753,0.1766258463517686,0.08610660156384149,10.974516648566174,69.29098793931033,61.68663693195473,54.760556470278864,2024,Pasto
5,0.2550044166666665,0.15802187784921226,0.019573951906276,0.17759582975548824,0.08626472478184123,11.021628116620294,69.64421717747568,61.96829055544294,54.5903680907759,2024,Pasto
6,0.2551064166666899,0.15780561874810867,0.019655032060283333,0.17746065080839202,0.08600620620721859,11.075712824644874,69.56338187300628,61.85874146564103,54.50135862684509,2024,Pasto
7,0.2552103333333465,0.158346030393551,0.019613307688138414,0.17795933808168943,0.08612724689965158,11.021229849222767,69.73045948309836,62.045305268546926,54.39179415208082,2024,Pasto
8,0.25531666666668384,0.15805371717651234,0.019775537787303583,0.17782925496381594,0.08622194898334974,11.120519956813315,69.65046868482433,61.90497441471442,54.55230697741717,2024,Pasto
9,0.2554255000000349,0.15829962970646008,0.01956082951794375,0.17786045922440383,0.08645407836274376,10.997851688476835,69.63300814694678,61.97487318472058,54.614201260646176,2024,Pasto
10,0.2555365833333394,0.15811202031441074,0.01968278470571892,0.17779480502012968,0.08612103557666684,11.070506083397916,69.57704556462743,61.874514502746806,54.46836705103916,2024,Pasto
11,0.25565041666666505,0.15803294252082933,0.019892017964028334,0.17792496048485765,0.08662495651965017,11.180004148839618,69.59697652941779,61.816031665961944,54.814493192286584,2024,Pasto
12,0.25576675000002397,0.15804701794536358,0.019569768757862,0.1776167867032256,0.08612716934385634,11.01797252450047,69.44483076991396,61.793418395999,54.494650050044136,2024,Pasto
1,0.2558857500000435,0.15832592758994266,0.019366962902408833,0.17769289049235149,0.08649018647381358,10.899120864513403,69.4422766771191,61.87367901101008,54.6279360496276,2025,Pasto
2,0.2560074166667156,0.15871271944308032,0.019252893872769166,0.1779656133158495,0.086805033396516,10.818322435469344,69.51580373452025,61.9953599429118,54.69318004323351,2025,Pasto
3,0.25613058333341737,0.15915880894993467,0.0190083539943055,0.17816716294424018,0.08697015967301851,10.668831270695163,69.56106554144355,62.13971282872927,54.643635653478675,2025,Pasto
4,0.2562564166667376,0.1597468281820275,0.018654765196315,0.1784015933783425,0.08830178832658309,10.456613555436798,69.61839071150145,62.338664631285646,55.27608236826174,2025,Pasto
5,0.25638408333338564,0.15953529645984676,0.018397999987667668,0.17793329644751443,0.08841275415648775,10.33982978733527,69.40106972870903,62.22511724817065,55.41892992861316,2025,Pasto
6,0.2565138333333655,0.16016197783553707,0.01799113376165875,0.17815311159719585,0.08892667410622991,10.0986918501523,69.45165852543632,62.43794954613245,55.522962008838704,2025,Pasto
7,0.2566455000000191,0.16038673912036958,0.018053567615277166,0.17844030673564673,0.08921552852968175,10.117426911859614,69.52793122639338,62.493493601235016,55.62525244853682,2025,Pasto
8,0.2567783333333115,0.16082734102877616,0.017579853224470584,0.17840719425324678,0.08926068465574293,9.853780447618162,69.47906855586021,62.632753683315634,55.50093913433033,2025,Pasto
9,0.25691258333332984,0.16094432755314916,0.017449881892994002,0.17839420944614318,0.08977278173005966,9.781641426126045,69.43770800618458,62.64556039449918,55.778779590982296,2025,Pasto
10,0.25704850000006385,0.16107941638236026,0.017206233475518917,0.17828564985787917,0.09075620921541692,9.650935725469159,69.3587590893683,62.66498982967037,56.342524236607304,2025,Pasto
11,0.25718550000007134,0.16116533192311092,0.016804784604468583,0.17797011652757952,0.09072169761388892,9.442475474170067,69.19912535019671,62.665014910664176,56.29107484305037,2025,Pasto
12,0.2573230833333839,0.161710163949057,0.016889132809168334,0.1785992967582253,0.092024633324248,9.456438583871698,69.40663637503316,62.843240433097,56.907142431219235,2025,Pasto
1,0.25746150000003226,0.1611180414565657,0.01685822308845442,0.17797626454502005,0.09141897433023509,9.472174917004194,69.12733148257031,62.57946972908396,56.74037091301155,2026,Pasto
2,0.2576004166667114,0.16141746890649225,0.016525963460535333,0.1779434323670276,0.09116388608240257,9.287200567452663,69.07730766493843,62.661959555499244,56.477088074781435,2026,Pasto
3,0.25774025000004525,0.1615389469431469,0.016589455982057667,0.17812840292520457,0.09097153569395426,9.313200876237303,69.11159701489127,62.67509515611882,56.31554335065177,2026,Pasto
4,0.2578803333333602,0.16178104450291184,0.016175760574875832,0.17795680507778766,0.09021474216855124,9.089711724036155,69.00751320487247,62.734929186623376,55.763481096159886,2026,Pasto
2,0.53587199999986,0.280935020762792,0.040576803030130004,0.32151182379292204,0.121619996738347,12.620625441216912,59.99787706635279,52.425769729126614,43.29114839727906,2022,Pereira A.M.
3,0.536423000000061,0.27207640443903497,0.035913548856454,0.30798995329548895,0.11839040069274602,11.660623495078148,57.41550106827148,50.720495660887764,43.51365967836955,2022,Pereira A.M.
4,0.5370399999998771,0.278934001253072,0.03026376995624,0.309197771209312,0.120635938728399,9.78783573952507,57.57443974552786,51.93914815528375,43.24891844897321,2022,Pereira A.M.
5,0.537638999999915,0.289236979465404,0.041854776720344995,0.331091756185749,0.126950760557706,12.641443327529919,61.58254073566116,53.79761874890953,43.891607771713275,2022,Pereira A.M.
6,0.5382579999998109,0.282578886281166,0.041746952828405,0.32432583910957097,0.126618452717464,12.871917002672461,60.254717832282076,52.49878056271625,44.80817883593703,2022,Pereira A.M.
7,0.538861000000381,0.28817638174435,0.036670140048272,0.324846521792622,0.11479576321889401,11.288450880099544,60.28391770649433,53.47879726759708,39.83524344501376,2022,Pereira A.M.
8,0.539486999999909,0.296862598831221,0.03271424180705,0.329576840638271,0.120943503423627,9.926134901862147,61.09078451164282,55.02683082841126,40.7405661406301,2022,Pereira A.M.
9,0.540119999999618,0.295800909541851,0.02769138059666,0.323492290138511,0.124543208471836,8.560136188965513,59.892670173061504,54.765776039039515,42.10372735659732,2022,Pereira A.M.
10,0.540734999999776,0.30287842969176804,0.032875205214441,0.335753634906209,0.119938950864687,9.791466657873864,62.09208483015674,56.0123590468332,39.59970044309393,2022,Pereira A.M.
11,0.54136299999997,0.30864474968876104,0.032032330602266,0.34067708029102695,0.14349799128592,9.402549351104584,62.929509458726564,57.01253127546179,46.49293125207026,2022,Pereira A.M.
12,0.5419759999990249,0.298259620292108,0.040211332245397004,0.33847095253750503,0.124635293250113,11.880290448540425,62.451280598792934,55.03188707482335,41.787518246032874,2022,Pereira A.M.
1,0.5391991666664655,0.2903559116427092,0.03563265610800775,0.3259885677507169,0.12586638133583034,10.930645928435135,60.45791386624395,53.849473365806546,43.348999034919714,2023,Pereira A.M.
2,0.5398141666664759,0.29123414593247726,0.03505845945078725,0.3262926053832645,0.12643529770220224,10.744484818957957,60.445357964246305,53.95081565401307,43.41362421545045,2023,Pereira A.M.
3,0.5404307499997918,0.29362660883622044,0.0347249700165215,0.32835157885274197,0.12705671166808566,10.575545315740614,60.757382671668566,54.33195813456832,43.271525074539674,2023,Pereira A.M.
4,0.5410490833331333,0.2948923703764486,0.03489859705808292,0.3297909674345315,0.12763446419944,10.582035441892694,60.9539832140282,54.50381110707442,43.28171123468084,2023,Pereira A.M.
5,0.5416683333331292,0.29501505770277586,0.03416673892381217,0.32918179662658803,0.12647361438035032,10.379291708699702,60.771837002356065,54.46415076314602,42.87022342695842,2023,Pereira A.M.
6,0.5422884166664532,0.2964224561508226,0.03312406267778925,0.3295465188286118,0.12596797804722568,10.051407247611126,60.76960316696325,54.66140286989458,42.496098198151344,2023,Pereira A.M.
7,0.542909166666402,0.2978431205847569,0.03249883073904225,0.3303419513237992,0.1281194641920309,9.837936298677093,60.84663358185336,54.86058053018116,43.0157540454496,2023,Pereira A.M.
8,0.5435294999997707,0.2969454923527878,0.031882714761300585,0.32882820711408833,0.12826034244229098,9.6958576154748,60.49868629287408,54.63281981068424,43.193227627752826,2023,Pereira A.M.
9,0.5441491666664879,0.2965068047254634,0.03171774103152225,0.3282245457569857,0.12884742315180217,9.663427504597955,60.318854803678555,54.48998599812137,43.455131922217575,2023,Pereira A.M.
10,0.5447674999998243,0.2954757579566154,0.031381892450477164,0.3268576504070926,0.1280800500583916,9.601088550747349,59.9994769157848,54.238874007115086,43.34705863659974,2023,Pereira A.M.
11,0.5453848333331252,0.29439623219496275,0.03169794827341083,0.32609418046837363,0.12758078160452216,9.720488794949553,59.79157478132379,53.97954145438132,43.33641794709936,2023,Pereira A.M.
12,0.5460008333332415,0.2941640508905096,0.03139551963772025,0.3255595705282298,0.1281337227393319,9.643556043147528,59.62620396396549,53.87611756829903,43.55859336021463,2023,Pereira A.M.
1,0.5466145833332688,0.2930180885633425,0.0328927578909185,0.325910846454261,0.12558391361209834,10.092563119262353,59.62351836038636,53.6059771359394,42.858758047270015,2024,Pereira A.M.
2,0.5472272499999339,0.29237451807289844,0.033783417700161,0.3261579357730594,0.12383521905025317,10.357993473342159,59.601917808935646,53.428355052299345,42.35499723658443,2024,Pereira A.M.
3,0.5478402499999395,0.2908702996005171,0.03410789568477884,0.32497819528529587,0.12282981852122483,10.49544128794111,59.31988299241097,53.09399950086712,42.22838106534768,2024,Pereira A.M.
4,0.5484516666665991,0.29135240986189287,0.03366571679708075,0.3250181266589736,0.12223196165452915,10.35810437502294,59.26103363572245,53.12271391801686,41.953303805679745,2024,Pereira A.M.
5,0.5490618333332816,0.2932941864858543,0.033585180820172415,0.32687936730602674,0.1220320241946416,10.274487832304734,59.53416308716732,53.417332744711864,41.60737914951043,2024,Pereira A.M.
6,0.5496712499999414,0.29417538506946633,0.03481184822819308,0.3289872332976594,0.12319039762483192,10.58151949522497,59.85163555446905,53.51842307006191,41.876514445877866,2024,Pereira A.M.
7,0.5502798333332761,0.29357265939060273,0.03493102085991608,0.3285036802505188,0.12099637789030533,10.63337276260573,59.69756846450905,53.34970347946604,41.21513840609996,2024,Pereira A.M.
8,0.5508888333332974,0.2940112881799036,0.036461969562574414,0.330473257742478,0.12010857580489516,11.033258730722316,59.98910083961275,53.37034813374436,40.851688568978176,2024,Pereira A.M.
9,0.5514975833333159,0.29324877639393393,0.03736251211534942,0.33061128850928334,0.1179703973773669,11.301039442366259,59.9479124660946,53.17317523342605,40.22877736372618,2024,Pereira A.M.
10,0.5521070000000551,0.29287319741062284,0.037687837612947916,0.33056103502357076,0.11689635823823165,11.401173647178522,59.87263972808492,53.04645610553636,39.913641559468864,2024,Pereira A.M.
11,0.552716833333444,0.29276565905209423,0.03648153985623808,0.3292471989083323,0.11477217548249175,11.08028860297005,59.56887488348007,52.968471628848334,39.20274524481349,2024,Pereira A.M.
12,0.553327750000079,0.2923288032805322,0.03760865067814358,0.32993745395867574,0.11236929487046705,11.398721250620435,59.627852381997585,52.83103970124225,38.43935103535874,2024,Pereira A.M.
1,0.5539391666667176,0.2936600427391906,0.03610590850964967,0.3297659512488403,0.11069838201093733,10.948949815138516,59.531076893005995,53.01304915957924,37.69609953685538,2025,Pereira A.M.
2,0.5545505833333367,0.29594534680757756,0.03485005766106925,0.3307954044686468,0.11153598292639373,10.535230293494715,59.6510786230312,53.36670011754126,37.68803400004595,2025,Pereira A.M.
3,0.5551611666666366,0.29798796019852164,0.0350506389651285,0.3330385991636502,0.11303997078067983,10.524497476613856,59.989534419945,53.67593738368548,37.93440872757806,2025,Pereira A.M.
4,0.5557715833332844,0.2992278025318999,0.03547320239235333,0.3347010049242532,0.11397013024844534,10.598475018137856,60.22276326487533,53.84006874501522,38.08808181729546,2025,Pereira A.M.
5,0.5563819999999192,0.29978324475327334,0.035601224989670915,0.3353844697429443,0.11491544287517157,10.615048757909841,60.27953272086318,53.88083093150333,38.3328437750912,2025,Pereira A.M.
6,0.5569919166666769,0.2998526651344795,0.03430582598492625,0.33415849111940576,0.11456466445673201,10.266333759769001,59.993418417843515,53.83429384917298,38.20698555584004,2025,Pereira A.M.
7,0.557600833333357,0.3021263288424874,0.03447512114048008,0.33660144998296754,0.11699999830515341,10.242119023023985,60.3660234814845,54.183263507044245,38.72552211963989,2025,Pereira A.M.
8,0.55820783333327,0.30498169212674814,0.03297852963745925,0.3379602217642074,0.11854369984250775,9.7581098347332,60.54379777261799,54.635867487847165,38.8691199841733,2025,Pereira A.M.
9,0.5588131666665683,0.3085833291047382,0.03248023394856267,0.3410635630533008,0.12097494820539091,9.523220146353399,61.03355887045626,55.221198696068505,39.203332388811596,2025,Pereira A.M.
10,0.5594159999998564,0.31125929097705046,0.031453315618662665,0.3427126065957131,0.12334058070931625,9.177752733142706,61.262567855728314,55.64004085995581,39.62631294383122,2025,Pereira A.M.
11,0.5600165833331368,0.3135045711399676,0.032064747864146086,0.34556931900411375,0.124912797039537,9.278817910268353,61.706979630377326,55.981301352548215,39.84401139202794,2025,Pereira A.M.
12,0.5606133333331719,0.3155215748985098,0.030020715420938083,0.34554229031944783,0.1268195361911795,8.688000358272921,61.636473800042936,56.281496735468416,40.19361789505903,2025,Pereira A.M.
1,0.561207666666598,0.31572138580494696,0.030323058425316837,0.34604444423026376,0.1291617624610986,8.762764127818034,61.66067657016554,56.25749692270519,40.91004546042848,2026,Pereira A.M.
2,0.5617989166666596,0.3151059558221329,0.02994405463763942,0.3450500104597723,0.12854558765273602,8.678178156766192,61.41877462261215,56.08874393915917,40.79440114591038,2026,Pereira A.M.
3,0.5623866666667238,0.314988958381561,0.029018001279069002,0.34400695966063005,0.12757828381358516,8.435294828830166,61.1691172729193,56.00932188675567,40.502462203466685,2026,Pereira A.M.
4,0.5629709166667866,0.31425229877012845,0.028298289602078752,0.34255058837220714,0.12722892277964673,8.26105415160768,60.846942218679004,55.82034337239651,40.48623455662072,2026,Pereira A.M.
2,0.22004299999975302,0.11243967728682101,0.020663589705051,0.133103266991872,0.062201480970586996,15.524479730698742,60.48966201697914,51.098956697985045,55.319867925196895,2022,Popayán
3,0.220204000000445,0.115404848791021,0.019893074751827,0.135297923542848,0.062256303610947,14.703163382642002,61.44208258822482,52.4081527995803,53.94600336393388,2022,Popayán
4,0.220388999999998,0.11185580441592499,0.015218556264030002,0.127074360679955,0.06504688443057301,11.976102954677788,57.6591212265386,50.753805505685854,58.15244436372963,2022,Popayán
5,0.22056599999997303,0.12010812632299601,0.016946520497549,0.13705464682054502,0.06023872080313499,12.36479089960243,62.13770337248795,54.4545062806646,50.15374283763315,2022,Popayán
6,0.22075100000023098,0.11592973286018898,0.012682184253821,0.12861191711401,0.055838849110145,9.860815808055085,58.26108018259279,52.51606237800404,48.166115570615986,2022,Popayán
7,0.22093700000009098,0.11448062554427,0.015154140982163,0.129634766526433,0.060720606800436,11.689874088732992,58.674991751666596,51.81595909432231,53.040072511619144,2022,Popayán
8,0.22112800000016997,0.11382202328648401,0.018461991335988998,0.132284014622473,0.065947121219482,13.956328274945317,59.822371939497174,51.47336532976219,57.93880596683525,2022,Popayán
9,0.221318999999723,0.11717245018356799,0.013610758156474001,0.130783208340042,0.06857663508555,10.407114437111407,59.09262573037367,52.94278854671973,58.52624484519573,2022,Popayán
10,0.22150599999998202,0.113701178226893,0.016748740656295003,0.13044991888318802,0.06478221747407299,12.83921124649586,58.89227329426679,51.33096991815221,56.97585415060411,2022,Popayán
11,0.221699000000017,0.124329006288064,0.015936519206399,0.14026552549446297,0.079019948604451,11.361679322285145,63.26845204283836,56.08009340955731,63.55713036213431,2022,Popayán
12,0.221883000000417,0.132826221018779,0.014654370296276,0.147480591315055,0.07820168426282399,9.93647378655449,66.46772908009079,59.86318060352951,58.87518568473601,2022,Popayán
1,0.22104108333340952,0.11767211318320382,0.01638501223866583,0.13405712542186968,0.06643548479523333,12.222410548565163,60.648058451497576,53.235403757821764,56.45813863459719,2023,Popayán
2,0.22122500000012282,0.11861440284592357,0.01591680694430842,0.134531209790232,0.06723474443379375,11.831311833980179,60.811937977243666,53.61708796286935,56.68345733791671,2023,Popayán
3,0.22140891666676257,0.11951443735506591,0.015612317555121916,0.13512675491018783,0.06754086117756841,11.553831486220965,61.03040335704455,53.979053397810674,56.51272153581831,2023,Popayán
4,0.22159216666674933,0.12070845944077802,0.015650310999495414,0.13635877044027342,0.06806039571417842,11.477304282639022,61.535916405087676,54.473252036165384,56.38411427789799,2023,Popayán
5,0.22177375000010832,0.12169648639795373,0.01539736062220525,0.137093847020159,0.06964343672838216,11.231255783449669,61.81698556303081,54.87416179682866,57.22715485855899,2023,Popayán
6,0.22195325000010965,0.12315430419173957,0.015375995734926498,0.13853029992666607,0.0716504331927055,11.099373742109925,62.41417952951698,55.486596475464424,58.17939832712023,2023,Popayán
7,0.22212941666677777,0.12489385478973332,0.015138670796047665,0.140032525585781,0.07324006126126834,10.810824651430021,63.04096399615883,56.22571591996296,58.64184541711247,2023,Popayán
8,0.22230133333346133,0.12647696141512166,0.014811957966926333,0.14128891938204802,0.07440139658267698,10.483453360468069,63.55738729200905,56.8943782381192,58.826046854871315,2023,Popayán
9,0.222468500000187,0.12728076855390907,0.015032716910330415,0.1423134854642395,0.07455981041337709,10.563100792094529,63.970173514056995,57.21293960888939,58.579007072696676,2023,Popayán
10,0.22262991666686494,0.12867985443511584,0.014723051152094165,0.14340290558721,0.07546103521222484,10.266912718264546,64.41313356901298,57.79989336638326,58.64246236793383,2023,Popayán
11,0.222784750000196,0.12900422359215233,0.014447695605175998,0.14345191919732833,0.07480646703601791,10.071455081268144,64.3903674722808,57.90532053564655,57.98761075646565,2023,Popayán
12,0.2229335833334697,0.12908506844675607,0.014392286011949666,0.14347735445870577,0.0746580461928059,10.031050590699254,64.35878897801088,57.90292629606522,57.83631452587426,2023,Popayán
1,0.22307533333346416,0.1294387465457936,0.0149158881175505,0.14435463466334408,0.07440210388969175,10.33280860869934,64.71115945731013,58.02467920211603,57.4805503569747,2024,Popayán
2,0.22321041666677546,0.12894499158181424,0.015732975709523,0.14467796729133725,0.07408294179973017,10.87447937241307,64.81685283860337,57.7683575468221,57.453136326528295,2024,Popayán
3,0.2233391666667441,0.12875092904175775,0.016146087513582083,0.14489701655533985,0.07453192037245933,11.143146972536513,64.87756658085331,57.64816398454359,57.88845247733041,2024,Popayán
4,0.22346091666675405,0.12890122423814157,0.01646219582772958,0.1453634200658712,0.07435108929823575,11.32485450622293,65.05093697554763,57.68401300813208,57.680669627213234,2024,Popayán
5,0.22357666666672782,0.12890180619707692,0.016692327850577,0.1455941340476539,0.07392589682170424,11.464972788748135,65.12045117153582,57.65440916480924,57.350551557578285,2024,Popayán
6,0.22368600000005734,0.12849493925946318,0.017025981154169752,0.14552092041363293,0.07315428605966291,11.700022997225831,65.05589103189097,57.44433682010954,56.93164764407278,2024,Popayán
7,0.22379033333339673,0.12794812260323116,0.017519403410547748,0.1454675260137789,0.07248768610307275,12.043515065271876,65.00170219464545,57.17321239815016,56.65396617647767,2024,Popayán
8,0.2238896666666719,0.1279811670905916,0.017602527317171584,0.14558369440776317,0.0722362664702785,12.091001941377398,65.02474927728976,57.16260557979687,56.442887740776726,2024,Popayán
9,0.22398441666661936,0.12773354162040892,0.017634384314826834,0.14536792593523576,0.07194025736480908,12.1308632570594,64.90091056272135,57.02786984977121,56.320568937638114,2024,Popayán
10,0.22407624999991357,0.12696721322375473,0.017769983469894165,0.14473719669364893,0.07117069546346766,12.277413046423824,64.59283243704085,56.6625036003609,56.05438889018011,2024,Popayán
11,0.22416491666659832,0.1265366623379152,0.01825245674122225,0.1447891190791374,0.07134870831211175,12.60623509370618,64.59044583434215,56.44802238439204,56.38579917777156,2024,Popayán
12,0.22425049999993582,0.1261251693672241,0.018193708795900248,0.14431887816312433,0.07151112750781259,12.606603534802849,64.35610095101934,56.242982453666855,56.698538338213766,2024,Popayán
1,0.22433408333323082,0.12622608760682044,0.017647558773175916,0.14387364637999633,0.071901723546238,12.266012030143116,64.13365470029056,56.267012899382486,56.962649250607754,2025,Popayán
2,0.22441583333321816,0.12645161943999902,0.016965849598228416,0.1434174690382274,0.0726240263519015,11.829695302812958,63.9070189068512,56.34701329305965,57.43226276857721,2025,Popayán
3,0.22449583333322873,0.1266191390918651,0.016379310943335668,0.14299845003520076,0.07331338876987441,11.454187747701955,63.69759648186524,56.4015541900588,57.900716507544615,2025,Popayán
4,0.2245746666665885,0.1259896579251735,0.016069476431375917,0.1420591343565494,0.07277851317840124,11.311822012827195,63.25697215325512,56.10145605257524,57.76546613185117,2025,Popayán
5,0.22465241666659083,0.1251592596564773,0.01586776939972525,0.1410270290562026,0.07246516312405092,11.251580286358843,62.77565634448633,55.71240297059772,57.898363511373375,2025,Popayán
6,0.22472941666658533,0.12461097762121559,0.015527730989711502,0.1401387086109271,0.07198087958626642,11.08025836945721,62.358862800254,55.449339685730514,57.76447706322412,2025,Popayán
7,0.22480524999992083,0.12393427182689835,0.015095114347702833,0.13902938617460117,0.07134991559875349,10.857499096446785,61.84436803617805,55.1296163354468,57.57077081826844,2025,Popayán
8,0.22488058333324756,0.12368684529033468,0.014593507004856085,0.13828035229519076,0.07105736152132017,10.553565103524567,61.49056990406101,55.00112257670765,57.44940891209943,2025,Popayán
9,0.22495549999994632,0.123392830581798,0.014399704839172583,0.13779253542097059,0.071351029832333,10.450279324043194,61.25324138374187,54.85210656411043,57.82429132706692,2025,Popayán
10,0.22502941666662316,0.12384816425299593,0.014173061297608584,0.1380212255506045,0.07182579562674259,10.268754853515,61.33474796101007,55.03643305287266,57.99504260718592,2025,Popayán
11,0.2251034999999675,0.12445345551548466,0.013531603658879418,0.1379850591743641,0.07187262446350408,9.806571624381649,61.29849565839004,55.28721477698153,57.75060577129704,2025,Popayán
12,0.2251775833333096,0.12311251694271917,0.013699970036468001,0.13681248697918716,0.07072188805114175,10.013683939940462,60.75759627310515,54.67352261281137,57.444920961242865,2025,Popayán
1,0.22525166666669016,0.12242021764253715,0.013794061896880835,0.136214279539418,0.0694751151113455,10.126737037792779,60.47204069791735,54.34819615505222,56.751340954327055,2026,Popayán
2,0.22532566666667475,0.12264833793498923,0.013608129761284666,0.13625646769627392,0.06858727430354485,9.987144090376852,60.47090405277208,54.431587732268184,55.921894628445834,2026,Popayán
3,0.22540000000000227,0.12252921656036699,0.013369661979065665,0.13589887853943267,0.06715533839941316,9.837948718014108,60.29231523488523,54.3607881811738,54.80761265320542,2026,Popayán
4,0.2254744999999716,0.123029451102896,0.013325195295249082,0.13635464639814507,0.06776171503748875,9.772454146036607,60.47453099936456,54.56468518742097,55.07763745187814,2026,Popayán
1,0.011648999999977,0.007069227674021,0.001962206070237,0.009031433744258,0.004365676101172,21.726407188499063,77.52969134068015,60.68527490801748,61.7560545859289,2023,Puerto Carreño
2,0.011658000000003,0.0072801346146819995,0.001333982994259,0.008614117608941,0.004265974831414,15.486008606086319,73.89018364160906,62.447543443816485,58.59747184908806,2023,Puerto Carreño
3,0.011669999999973,0.007277229253748,0.001301222555537,0.008578451809285001,0.002784654370274,15.168501082311897,73.50858448418893,62.35843405111257,38.2653105072898,2023,Puerto Carreño
4,0.011679999999988,0.0071909894610660005,0.00173363509281,0.008924624553876001,0.0032184206819250005,19.42529999267112,76.40945679696208,61.56669059138174,44.75629813324602,2023,Puerto Carreño
5,0.011687000000001,0.006806966268197,0.0017044129181209998,0.008511379186318002,0.004164274239296,20.025108514267988,72.8277503749232,58.24391433384459,61.17665455097098,2023,Puerto Carreño
6,0.011701000000012,0.007267689354657999,0.0015659652890769999,0.008833654643735001,0.004252792088365,17.727264107926302,75.49486918832528,62.111694339377365,58.516426347244824,2023,Puerto Carreño
7,0.011704999999993,0.008059804069897,0.0011013703302209998,0.009161174400117999,0.004457900742203,12.022152205800316,78.26718838208866,68.8577878675935,55.31028674571701,2023,Puerto Carreño
8,0.011716000000010001,0.007293330737436999,0.0015125095110819998,0.008805840248519,0.004173511838673,17.176208838632743,75.16080785687505,62.25103053457472,57.223674462617936,2023,Puerto Carreño
9,0.011720999999976,0.007416613811302,0.001731107633834,0.009147721445136,0.005118473713121001,18.923921593113874,78.04557158224324,63.27628880912197,69.0136205463615,2023,Puerto Carreño
10,0.011729999999997999,0.007839297522903,0.001120949762451,0.008960247285353998,0.0052270139071539995,12.510254759187864,76.3874448879414,66.83118092842572,66.67707013138549,2023,Puerto Carreño
11,0.011737000000009,0.008412253234864,0.000685151400028,0.009097404634892,0.0042225448652289995,7.531284223636534,77.51047656884232,71.67294227534761,50.195170631917684,2023,Puerto Carreño
12,0.011699499999992084,0.007424428201259833,0.0014698950953194168,0.00889432329657925,0.0041404835923295,16.526216175262455,76.02310608645897,63.45936323146165,55.76838350496691,2023,Puerto Carreño
1,0.011707666666658916,0.007398878203019249,0.0014806674105126664,0.008879545613531917,0.00401323520419575,16.675035806519357,75.8438540005506,63.1968641889145,54.24113080491142,2024,Puerto Carreño
2,0.011715333333325834,0.007335005124321584,0.00154644564785825,0.008881450772179835,0.0039796495200645834,17.412083763413072,75.81048289010573,62.61029810783258,54.25557927517688,2024,Puerto Carreño
3,0.011722749999993001,0.007312539086275917,0.0015687131096623333,0.008881252195938251,0.0040373295124744996,17.663197430422795,75.76082571020923,62.37904149009646,55.21104865000599,2024,Puerto Carreño
4,0.011729749999992335,0.007302811147393583,0.0015468516612048332,0.008849662808598417,0.0041450760008817505,17.47921581488842,75.44630370301327,62.25888145440742,56.76000538999496,2024,Puerto Carreño
5,0.011736749999992085,0.007374466247125583,0.0015302883379054166,0.008904754585030998,0.004238726733146916,17.185070327236758,75.8707017277952,62.83226827810557,57.47842068975617,2024,Puerto Carreño
6,0.011742999999989583,0.007366714298409917,0.0015384602577256667,0.008905174556135582,0.004268313294990083,17.276025843487616,75.83389726767847,62.7328135775905,57.94052982224904,2024,Puerto Carreño
7,0.011748583333323332,0.007286484536233918,0.0015456283563637502,0.008832112892597667,0.004240109678731083,17.500097373745817,75.17598200581789,62.02011195313012,58.19143178917141,2024,Puerto Carreño
8,0.011753833333322167,0.0072318091373485,0.0016114981920056668,0.008843307329354165,0.004188656329896,18.222799818983063,75.23764442263574,61.527239090980565,57.919895980990255,2024,Puerto Carreño
9,0.011758999999985585,0.00729248879870275,0.0015364223961675,0.00882891119487025,0.00413533325537475,17.402172954918697,75.08216000409111,62.01623266189038,56.70674812843563,2024,Puerto Carreño
10,0.011763916666654751,0.0072730360332088325,0.0015802614709797497,0.008853297504188583,0.004120883043683751,17.849411140110362,75.25807734836796,61.82495370631549,56.65973638612147,2024,Puerto Carreño
11,0.011768666666655415,0.007302573653497833,0.0016038959338194167,0.00890646958731725,0.004226248215249167,18.008212099026906,75.67951272298559,62.05098555632029,57.8734075927444,2024,Puerto Carreño
12,0.011773499999992582,0.007363621295039083,0.00151233243488975,0.008875953729928833,0.0042496453663065,17.0385344595738,75.38925323764748,62.544029345935556,57.71135146737533,2024,Puerto Carreño
1,0.011777916666657416,0.007410163218254999,0.0015046107286310834,0.008914773946886083,0.00427454340823875,16.877721606801277,75.6905843299374,62.9157382241694,57.68487524955424,2025,Puerto Carreño
2,0.0117826666666545,0.007473552846795332,0.00145099848005775,0.008924551326853084,0.004225019319661333,16.258503390437575,75.74305188578391,63.42836522691283,56.53294231368186,2025,Puerto Carreño
3,0.011786666666657083,0.007520582927458333,0.00141744502697975,0.008938027954438084,0.004313201379349,15.858587981657998,75.83168513386893,63.805850628940455,57.351955572501026,2025,Puerto Carreño
4,0.011790916666661667,0.00760111866315075,0.00137620010146325,0.008977318764614,0.004329840277478,15.329745300877962,76.13758131288469,64.4658840193706,56.96319804173709,2025,Puerto Carreño
5,0.011794749999992915,0.007574502311828167,0.0013534446287785833,0.00892794694060675,0.004171985904803583,15.1596401477561,75.69424481750026,64.21926969060571,55.079340305813986,2025,Puerto Carreño
6,0.011798666666661748,0.007638092220845417,0.0012890834959942501,0.008927175716839666,0.004146844742987834,14.439992410618776,75.66258094284711,64.73690999702171,54.29162967776845,2025,Puerto Carreño
7,0.011802916666661833,0.0076900257836609994,0.0012894818093765832,0.008979507593037584,0.00411848968680075,14.3602730552442,76.07871720725466,65.15360567936582,53.55625329048059,2025,Puerto Carreño
8,0.011806999999997,0.007796292633328167,0.0012157134408205832,0.00901200607414875,0.004112784039821667,13.489931440546837,76.32765371517777,66.03110555882229,52.75307422710167,2025,Puerto Carreño
9,0.011811166666670416,0.007772027924244584,0.00121426892281025,0.008986296847054834,0.0040345045637015,13.512450606483295,76.08305852133135,65.80237281873467,51.91057730397489,2025,Puerto Carreño
10,0.011815166666667999,0.007788358296990667,0.0011561251351695832,0.00894448343216025,0.003974692866380916,12.925566288296636,75.70340465356033,65.91831090256694,51.03377008113112,2025,Puerto Carreño
11,0.01181916666666575,0.007746525616919416,0.0011338362624753334,0.00888036187939475,0.003913117888859167,12.767906059168515,75.13526232302424,65.54206261231066,50.514489751539834,2025,Puerto Carreño
12,0.011822916666663333,0.00771521966044375,0.0011696538053225,0.00888487346576625,0.003944913013437583,13.164552200199811,75.1495905474714,65.25648347161311,51.13157093456866,2025,Puerto Carreño
1,0.011827000000000332,0.007662093795947667,0.0011137874279364168,0.008775881223884084,0.00404910933521275,12.69145968959992,74.20209033469044,64.78476195102267,52.84599018292161,2026,Puerto Carreño
2,0.011830833333336331,0.007705280172140999,0.0010639459255835833,0.008769226097724583,0.0041863200135815,12.132723158542499,74.12179557136601,65.12880331455135,54.33053594491534,2026,Puerto Carreño
3,0.011835000000000836,0.007641727659107416,0.00105577548821525,0.008697503147322667,0.004101879929274666,12.138834218648682,73.48967593850487,64.56888600850762,53.67738961995122,2026,Puerto Carreño
4,0.011838916666666833,0.007605175528906,0.00103221398047075,0.00863738950937675,0.0040650977554785,11.950531805358304,72.95760036639018,64.23877913017853,53.4517282346442,2026,Puerto Carreño
2,0.07951499999995099,0.03527376896842101,0.010354563018054002,0.045628331986475,0.022059669302998,22.69327535602938,57.383301246938466,44.361150686590896,62.538452646631015,2022,Quibdó
3,0.079596999999997,0.035341903299333,0.010314691252725,0.045656594552058,0.022217357998195998,22.591897958933643,57.3596926417575,44.40104941057367,62.86406764803554,2022,Quibdó
4,0.079683000000021,0.035389126162801,0.009089885644217,0.044479011807018,0.022558264611373998,20.436348009833203,55.81995131584689,44.41239180602095,63.743491454405955,2022,Quibdó
5,0.07976600000006699,0.034802876587967005,0.008728646163624,0.043531522751591,0.022872039247857,20.051322838930513,54.5740324844601,43.6312170447782,65.71881835700025,2022,Quibdó
6,0.079853999999989,0.035680649527754,0.009685092978586001,0.04536574250634,0.023104568863734,21.34891317436826,56.81085794868916,44.68235721160983,64.7537787835455,2022,Quibdó
7,0.079937000000058,0.030490665719916,0.011303603377379,0.041794269097295,0.019746734651559,27.045821404520243,52.284010029479056,38.1433700537847,64.76321256134713,2022,Quibdó
8,0.08002899999998,0.030846385090117,0.010833236141251,0.041679621231368,0.018399250045647998,25.991685675631636,52.08064730457511,38.54400915933562,59.64799438214564,2022,Quibdó
9,0.080110999999953,0.032109293670045,0.00894560541482,0.041054899084864996,0.019494441052783,21.789373775656955,51.247517924990426,40.08100469356748,60.712768250550184,2022,Quibdó
10,0.08019800000001501,0.029585777820935,0.01008748522949,0.039673263050425,0.016988869884525,25.426406738131764,49.4691426848769,36.89091725595335,57.42242095965317,2022,Quibdó
11,0.08028600000003,0.03134579058573,0.011217858047923,0.042563648633653,0.019333456012429,26.355489738381088,53.015032052458835,39.04266072007359,61.677997750774395,2022,Quibdó
12,0.080369999999943,0.029651483613039,0.011009860071566,0.04066134368460499,0.017708820691895003,27.07697059144285,50.59268842184127,36.893721056439006,59.72321966415094,2022,Quibdó
1,0.07998325000000259,0.032458767285187005,0.010451147612752251,0.04290991489793925,0.02034976686425475,24.35602036874272,53.648626303554636,40.58195595351021,62.69420734761434,2023,Quibdó
2,0.080068666666669,0.03208880445694517,0.010731209204412832,0.04282001366135801,0.01993893213817075,25.061199861542732,53.479114170366394,40.07660648394824,62.13672486590646,2023,Quibdó
3,0.08015316666666959,0.031938880531766585,0.010866990868973083,0.042805871400739666,0.019774019949583083,25.386682979160906,53.405090754249386,39.847309669734926,61.912063354618,2023,Quibdó
4,0.08023741666667009,0.03169372256654175,0.011054107774140001,0.04274783034068175,0.019541474685476585,25.858874441213825,53.276678283734945,39.4999289398945,61.65724030823069,2023,Quibdó
5,0.08032124999999184,0.03173291939618916,0.011263357112232418,0.04299627650842158,0.01941100814450825,26.196122145661356,53.53038767253492,39.50750193279162,61.1699412277817,2023,Quibdó
6,0.08040416666666,0.03130759747291875,0.011557487189024584,0.04286508466194333,0.019039451865327166,26.962473724647985,53.312019064451746,38.93777993211962,60.814158230430806,2023,Quibdó
7,0.0804861666666545,0.0318048226215845,0.011485707013357334,0.043290529634941836,0.019123190896477668,26.531685128857085,53.786298227167464,39.51588693906735,60.126701928215184,2023,Quibdó
8,0.08056649999999367,0.03231515375114533,0.011459316546750248,0.04377447029789558,0.019366251517682335,26.178081582179978,54.33333990914216,40.109913861403776,59.92931881685987,2023,Quibdó
9,0.08064583333332807,0.03252812240765692,0.011608789007578169,0.04413691141523509,0.019339504448631417,26.301770185874563,54.72931407727777,40.334535664366676,59.45472107568993,2023,Quibdó
10,0.08072341666665742,0.032989061216945836,0.011734575065425584,0.044723636282371415,0.01960898568824625,26.237971777019766,55.403547234695274,40.86678014778812,59.44087210997534,2023,Quibdó
11,0.08079899999999084,0.03345570545590525,0.011714807933492832,0.045170513389398086,0.019758783969723585,25.934635350508106,55.9047926204572,41.40608851088386,59.0595346906247,2023,Quibdó
12,0.08087258333333275,0.033723382394758916,0.011749987558742583,0.045473369953501507,0.019802218869239167,25.83927157973437,56.228412744123425,41.69940047019539,58.71955143003896,2023,Quibdó
1,0.08094433333332991,0.034038809278903,0.011780608271565832,0.04581941755046883,0.01970721285628217,25.710951603847466,56.606084284842794,42.05212134953376,57.8963050522938,2024,Quibdó
2,0.08101374999999766,0.034187006532841666,0.011740536290419415,0.04592754282326108,0.02000278248409025,25.563170961702625,56.691046672030865,42.19901749128099,58.50989750996369,2024,Quibdó
3,0.08108149999999657,0.03414240361393784,0.011925250069717083,0.046067653683654924,0.019720549235478165,25.88638473234905,56.816479324700296,42.10874689533282,57.759698053091114,2024,Quibdó
4,0.08114666666666374,0.03434365756089925,0.012046458119680333,0.04639011568057958,0.01966927075574775,25.967725975564605,57.168233257370915,42.32294310002524,57.27191613435344,2024,Quibdó
5,0.08120966666666816,0.03421161466994542,0.012250611172977417,0.04646222584292283,0.019290619505910416,26.366819390861018,57.21267892113251,42.12751520132429,56.38617087213087,2024,Quibdó
6,0.08127033333333433,0.03460427114101325,0.01229345620558475,0.046897727346598,0.019241028833752085,26.213330370424714,57.70583855518917,42.57921645169351,55.60304609608572,2024,Quibdó
7,0.08132883333333658,0.034660931679416834,0.012370388099623583,0.047031319779040424,0.01919355975822975,26.302447300525177,57.82859270374207,42.61825758320495,55.37519861195109,2024,Quibdó
8,0.08138516666666666,0.0346917423036625,0.012533971232081083,0.04722571353574359,0.018960750081760083,26.540565072869743,58.02742129799688,42.62661578829373,54.6549375231533,2024,Quibdó
9,0.081439250000002,0.03469063786695525,0.012661767269012998,0.04735240513596825,0.0187558854560275,26.739438540990374,58.14445139900857,42.59695155217465,54.066130256698216,2024,Quibdó
10,0.08149133333333934,0.034819172621198664,0.012848941547527915,0.04766811416872659,0.018721044730209333,26.955002881061453,58.49470393832033,42.7274548064777,53.76648358040408,2024,Quibdó
11,0.08154150000000625,0.03481687915174467,0.012979320279585335,0.047796199431330004,0.018549371505501584,27.15554883863318,58.615796166769485,42.69835501154872,53.27695059817582,2024,Quibdó
12,0.08158991666668251,0.034638323641968664,0.013237245480100001,0.04787556912206867,0.018628507310422083,27.64927022872335,58.67829148257826,42.45417210496224,53.78004866220291,2024,Quibdó
1,0.08163666666667509,0.0344070443061955,0.013436298008791,0.0478433423149865,0.018711909201020834,28.08394513980726,58.6052129128842,42.14655706936256,54.38394834063522,2025,Quibdó
2,0.081681750000013,0.034048372062785,0.013649276641679918,0.04769764870446492,0.0183437889893395,28.616246319081608,58.394499021455005,41.684185344681744,53.8756712230284,2025,Quibdó
3,0.08172550000001301,0.03367938213847608,0.013774427915377833,0.04745381005385391,0.018297814028433165,29.027022065763834,58.06487577787392,41.210371473372106,54.32942312658798,2025,Quibdó
4,0.0817683333333425,0.033459529146873994,0.013779191856111333,0.04723872100298534,0.018322955987808916,29.16927377276055,57.771412327078586,40.91991090300268,54.761547621840236,2025,Quibdó
5,0.0818100833333421,0.03360149428817883,0.013670214765220167,0.047271709053398996,0.018503877083513833,28.918384883817165,57.78225266045314,41.072558441563615,55.06861368967031,2025,Quibdó
6,0.08185141666666858,0.03373740213247925,0.013511169925817084,0.04724857205829633,0.018765546790043167,28.59593282342312,57.72480670763617,41.21785975906969,55.62238229355969,2025,Quibdó
7,0.08189233333333408,0.03370614402452625,0.013469660096031082,0.04717580412055733,0.018913642717701,28.5520519408837,57.607107039597,41.15909591601079,56.11333857690308,2025,Quibdó
8,0.081933083333332,0.033550892791004504,0.013477199324060834,0.04702809211506533,0.01915821515544125,28.65776330259302,57.398172022574634,40.94913974433004,57.10195336613473,2025,Quibdó
9,0.081973833333338,0.03371886347116283,0.013362267196608333,0.04708113066777117,0.019552143320617,28.381364268626868,57.43434063443231,41.13369120369009,57.98577208077743,2025,Quibdó
10,0.08201475000000684,0.033588948225111916,0.0130652240250575,0.046654172250169414,0.019621955990942918,28.00440645479474,56.885099631670556,40.95476511860259,58.41789346733122,2025,Quibdó
11,0.08205625000000909,0.033537135456140586,0.012761039189905751,0.04629817464604633,0.019860688173924914,27.562726365488555,56.42248414476801,40.870909231334444,59.219989733167445,2025,Quibdó
12,0.08209849999999483,0.03371935263899275,0.012562726892634,0.046282079531626746,0.019917257403693166,27.14382547147496,56.37384304418431,41.0718254767077,59.06773364522139,2025,Quibdó
1,0.08214108333333767,0.03409783490222958,0.012240684840283836,0.046338519742513413,0.02000060658632308,26.415787358553843,56.413329191759665,41.51130411058346,58.656529494238605,2026,Quibdó
2,0.082184416666671,0.03473405895257675,0.011928693236561249,0.046662752189138006,0.020237784291757502,25.56362982665641,56.7781023236995,42.263558423068744,58.26495636282715,2026,Quibdó
3,0.082228416666676,0.03524906997735867,0.011634057946807502,0.046883127924166164,0.020322997755328167,24.815020801567854,57.01572500685895,42.86726098624219,57.655415499989424,2026,Quibdó
4,0.08227308333334742,0.03549400416880475,0.011504273925426335,0.04699827809423108,0.020426186627383502,24.478075350676423,57.12473167415796,43.14169681108586,57.548273590771224,2026,Quibdó
2,0.10556999999995499,0.05538714371623,0.01028994316812,0.06567708688434999,0.038766418591955,15.667478044876502,62.211884895688165,52.46485148835238,69.9917273051135,2022,Riohacha
3,0.105723999999944,0.057625848000716004,0.008659598500019,0.06628544650073499,0.03901393088890699,13.06410223837442,62.69668807533777,54.505928645100944,67.70213756927662,2022,Riohacha
4,0.10589799999989499,0.05403877358829501,0.009199220223923001,0.06323799381221801,0.035710143418082,14.54698302295866,59.71594724383908,51.02907853627886,66.08244607871143,2022,Riohacha
5,0.10605999999999799,0.055467710179164,0.010363247908642,0.065830958087806,0.034502156995810995,15.742210366769074,62.069543737325326,52.29842558850184,62.202237814337344,2022,Riohacha
6,0.10622799999994101,0.05512042009575199,0.00997259313114,0.065093013226892,0.036451698702356,15.320527713748552,61.27670033035372,51.88878647417122,66.13102483441567,2022,Riohacha
7,0.10638899999983799,0.052816015983278994,0.008092899558946,0.060908915542225,0.034907095769716,13.286888277194183,57.25114019524364,49.644245160081795,66.09187595817001,2022,Riohacha
8,0.106561000000077,0.053796288678952,0.010335660578060001,0.064131949257012,0.03913977103770001,16.11624268060109,60.18332153129725,50.48403138006694,72.75552272997892,2022,Riohacha
9,0.106728000000231,0.052971640417912,0.011703434993361002,0.064675075411273,0.034960666134107,18.09574232258424,60.598039325325146,49.632374276476035,65.99883609095347,2022,Riohacha
10,0.10689700000007,0.052493751594474,0.009950938447726,0.062444690042200005,0.035616886107526,15.935603877609408,58.415755392723,49.10685201122541,67.84976311595031,2022,Riohacha
11,0.107071999999933,0.055184986174535995,0.010644909859353,0.065829896033889,0.038644496707667,16.170327618128148,61.48189632577162,51.540072264056455,70.02719287714297,2022,Riohacha
12,0.107242000000045,0.053657820388419,0.010888095491994,0.064545915880413,0.035348110528649994,16.86875977120976,60.18716163479413,50.03433392551098,65.8769034462667,2022,Riohacha
1,0.10648258333332793,0.0542651695065065,0.010307651190451166,0.06457282069695768,0.036515094894852836,15.962832472233643,60.641673666783646,50.961544890996336,67.29011486912356,2023,Riohacha
2,0.10665249999999299,0.05435509864138117,0.010370558138236249,0.0647256567796174,0.036506124833805415,16.02232971315637,60.688363404159915,50.9646737220269,67.16228237329125,2023,Riohacha
3,0.1068233333333235,0.054568654309418506,0.0105727147476925,0.065141369057111,0.036602914198406084,16.230415327045318,60.9804684280435,51.08308513379429,67.07681298288576,2023,Riohacha
4,0.10699549999999308,0.055061322834008664,0.010715389800343667,0.06577671263435234,0.03687962083290925,16.290552341692248,61.47614865518325,51.46134448085407,66.97917691532564,2023,Riohacha
5,0.10717016666665359,0.05539805426313734,0.010630108884973498,0.06602816314811083,0.0371148287525115,16.099355756919376,61.610581752184345,51.691675011992544,66.99662875562082,2023,Riohacha
6,0.10734741666666525,0.05559894986744817,0.010627292198708916,0.06622624206615708,0.037141410526974915,16.046950373679245,61.69337290323672,51.79346796960546,66.80235978471296,2023,Riohacha
7,0.10752766666667557,0.05649600674940192,0.010708304102813834,0.06720431085221575,0.03735679327848417,15.933954186899868,62.49955284581969,52.540902728349515,66.12289155972894,2023,Riohacha
8,0.10771116666666834,0.057249747318244414,0.010605362730304916,0.06785511004854933,0.037470053164803,15.629423816005803,62.997284449196634,53.15117187005698,65.4501633981221,2023,Riohacha
9,0.10789891666665148,0.05786670792413717,0.0104512588536975,0.06831796677783468,0.03780236507262683,15.297965303452713,63.31663828368153,53.63048092773126,65.32662117600582,2023,Riohacha
10,0.10809016666664857,0.058399244596132084,0.010339508276717334,0.06873875287284942,0.03789919237928758,15.041745514125054,63.5939003451078,54.02826769269039,64.89671680067883,2023,Riohacha
11,0.10828533333331541,0.0586913400689375,0.010288945350772,0.0689802854197095,0.0375190241240785,14.915776715287663,63.702334652634626,54.20063665342233,63.92599671435261,2023,Riohacha
12,0.10848466666665392,0.05913094209476549,0.010190377344674083,0.06932131943943959,0.037642649180701086,14.700206844124756,63.89964735979377,54.50626702523776,63.65981641282418,2023,Riohacha
1,0.10868791666665349,0.05918509321950483,0.010540282912396165,0.069725376131901,0.037504704975358835,15.116853428595187,64.1519115190598,54.45416108308145,63.36849861207774,2024,Riohacha
2,0.10889450000000267,0.05894650811230575,0.010738088651888418,0.06968459676419415,0.03699133231500317,15.409558425407925,63.99276066669341,54.131758823727836,62.75406890010642,2024,Riohacha
3,0.10910533333334049,0.05845164403881508,0.01094605436382625,0.06939769840264133,0.036432956887221334,15.772935725213669,63.606146723017,53.57359008311043,62.330080678360154,2024,Riohacha
4,0.10931941666667216,0.05782061476525067,0.011151065792524166,0.06897168055777483,0.035641023875515834,16.167600531617264,63.091884919289,52.89144099767067,61.64068649255449,2024,Riohacha
5,0.1095360833333364,0.05737608465620883,0.011372224047632417,0.06874830870384126,0.035128444910540756,16.54182373652634,62.763161336186165,52.38098981648259,61.22489033719628,2024,Riohacha
6,0.10975491666666641,0.057455308465086334,0.011522144096247,0.06897745256133332,0.035094915861122414,16.70421807184275,62.84679962978134,52.34873316844861,61.0821119904846,2024,Riohacha
7,0.10997591666666927,0.05733842391738075,0.011698463593119919,0.06903688751050067,0.03522453720220441,16.945236112129987,62.77455064980049,52.13725482386315,61.432691719883415,2024,Riohacha
8,0.11019766666666865,0.05713717198034334,0.0119843613714465,0.06912153335178983,0.034892081063259583,17.338101153591058,62.72504259175656,51.849711258564746,61.06721745917589,2024,Riohacha
9,0.11041991666667934,0.05718034888554999,0.011889440633961667,0.06906978951951166,0.03501765756505742,17.213662755701602,62.5519304891437,51.78445212756162,61.240720365570745,2024,Riohacha
10,0.11064241666666341,0.05718686515882251,0.01212199611962,0.0693088612784425,0.034765406124087586,17.48982149760173,62.64221567687909,51.686203972850244,60.79264185497,2024,Riohacha
11,0.11086466666666683,0.05726600071013558,0.012044180415861583,0.06931018112599717,0.03502209914230033,17.37721676699529,62.51782755491416,51.65396914268041,61.156879663331765,2024,Riohacha
12,0.11108625000000033,0.057236361116624,0.012267625437716917,0.06950398655434091,0.0351668629343255,17.65024719571389,62.567587396586624,51.52425355669475,61.44147225339849,2024,Riohacha
1,0.11130733333334275,0.05755005686405884,0.011946978076118999,0.06949703494017782,0.03553942319099458,17.19062991162545,62.43706758479999,51.70374236862558,61.75393236351372,2025,Riohacha
2,0.11152724999999701,0.05797205181887458,0.0118992507752945,0.06987130259416909,0.03585187416688992,17.03024036120878,62.649534166915224,51.98016791311194,61.84337632020338,2025,Riohacha
3,0.111745500000009,0.058472698667376005,0.011694925049173584,0.07016762371654958,0.03637972566724383,16.667124280019255,62.79234843151977,52.32666968009566,62.216601074274294,2025,Riohacha
4,0.11196275000003242,0.0588867417398715,0.011530657235677417,0.07041739897554891,0.03706018702026342,16.374727558001986,62.89359539268955,52.59494049570455,62.934687716251105,2025,Riohacha
5,0.11217900000002118,0.059254612460724915,0.011321303718297917,0.07057591617902283,0.03739448439008017,16.041313143679645,62.913661361760674,52.82148393256646,63.10814101580016,2025,Riohacha
6,0.112394166666702,0.059268242944356585,0.011075951317377083,0.07034419426173368,0.037542274764942256,15.745366669729924,62.58705086566909,52.732490219099105,63.34298588906787,2025,Riohacha
7,0.11260841666670567,0.059169433372501336,0.011120328716792333,0.07028976208929366,0.03736826244351867,15.820694772967725,62.41963449085228,52.54441463965246,63.15467347518214,2025,Riohacha
8,0.1128220000000365,0.05929108744939924,0.0108781636775075,0.07016925112690675,0.037595949163338,15.502750140276492,62.19465275113368,52.552771134512824,63.40910713675726,2025,Riohacha
9,0.1130351666666885,0.05926902051616442,0.010913206216100334,0.07018222673226475,0.03718050880673784,15.549814709830551,62.08884261586839,52.43414263362255,62.73177535741055,2025,Riohacha
10,0.11324808333336676,0.0599584388705465,0.010586999662931333,0.07054543853347783,0.037771652878856664,15.00734828929754,62.29283221139755,52.94432992216539,62.99639148445425,2025,Riohacha
11,0.113460916666695,0.060125777158591166,0.01053821602172725,0.07066399318031842,0.0376125222602725,14.913134041032924,62.28047089369315,52.9925007879302,62.55640099430827,2025,Riohacha
12,0.11367350000002634,0.060807111514344,0.010194510734700584,0.07100162224904459,0.03806175489562109,14.358137760490061,62.46101531933841,53.492776693187,62.59424917206036,2025,Riohacha
1,0.11388575000002117,0.0611364450351245,0.010125995726691416,0.07126244076181591,0.03789303260280392,14.20944275615825,62.57362379560452,53.682260541914275,61.98108604619286,2026,Riohacha
2,0.11409850000001408,0.06152355787932159,0.00992170004560575,0.07144525792492734,0.03812643331597942,13.887135876857204,62.61717544482928,53.921443208555765,61.97046242150752,2026,Riohacha
3,0.11431166666667682,0.06195332191259675,0.009752006144361168,0.07170532805695791,0.03815232145585409,13.600113699521502,62.727917585214286,54.196849472283006,61.58236601046039,2026,Riohacha
4,0.1145246666666644,0.06259758153324683,0.0095523355008985,0.07214991703414533,0.038296246299291584,13.239565468076432,62.999456042203505,54.658601814963944,61.178475847268444,2026,Riohacha
2,0.03328399999996,0.022661308267974,0.001072694311174,0.023734002579148,0.008798992772287,4.519651953339037,71.3075429010231,68.08469014541892,38.82826475963941,2022,San Andrés
3,0.033310000000017,0.022752939376749,0.0011411368780790002,0.023894076254828,0.0074866593649890005,4.775815000793027,71.73244147347884,68.30663277315338,32.9041414870535,2022,San Andrés
4,0.033341000000028,0.021229263911820003,0.0009904093921070001,0.022219673303927,0.006968418168135,4.457353528829606,66.64369186259663,63.673146911616854,32.82458683956128,2022,San Andrés
5,0.033371000000001004,0.020697701164575,0.001063572314471,0.021761273479046002,0.007893162439084,4.887454383104542,65.21013298686088,62.02301748396625,38.13545463973306,2022,San Andrés
6,0.033401999999989995,0.020955411817355,0.000898086200916,0.021853498018271,0.007948569193399,4.109576417309207,65.42571707765266,62.73699723777402,37.93086608212633,2022,San Andrés
7,0.033429999999988004,0.021444249449274998,0.001793556937357,0.023237806386632,0.007677386890092,7.71827128394003,69.51183483888825,64.1467228515785,35.80161156142288,2022,San Andrés
8,0.033462999999991,0.022118451794589,0.001553223856604,0.023671675651193,0.007440434192276001,6.561528974505533,70.73984894121676,66.09823325641739,33.63903704189734,2022,San Andrés
9,0.033494999999963,0.02093853768922,0.0019394157602099999,0.02287795344943,0.0067036006296529995,8.47722574703604,68.30259277341476,62.512427792933664,32.015610302644404,2022,San Andrés
10,0.033523999999992,0.020756865211826,0.0026184764526650003,0.023375341664490998,0.0067225455966649994,11.201874566148799,69.72718549247278,61.9164336351001,32.38709471811235,2022,San Andrés
11,0.033559000000011004,0.021662426496751003,0.002369313244137,0.024031739740888,0.006510313004336,9.85909996397727,71.61041670157073,64.5502741343422,30.05347995208402,2022,San Andrés
12,0.033587999999992,0.020701909614257,0.0022407088604379996,0.022942618474695003,0.006672423511973,9.766578574757855,68.30599760241893,61.634838675306455,32.23095664265596,2022,San Andrés
1,0.03344891666666133,0.02133757580113975,0.0016888617592794167,0.023026437560419166,0.007254612151168917,7.334446567550909,68.84060787346726,63.791530272210565,33.9992331780324,2023,San Andrés
2,0.03347991666666317,0.021082713336839583,0.001876520733691917,0.022959234070531503,0.006914170249492083,8.173272365825381,68.57613864192385,62.971224052753385,32.7954478108393,2023,San Andrés
3,0.03351116666666492,0.020816856478149,0.00203775714175075,0.02285461361989975,0.006692097337705333,8.916174106642755,68.19999389228747,62.119163696131395,32.147492320609885,2023,San Andrés
4,0.033542833333331,0.020784089627591668,0.00215773095704125,0.022941820584632917,0.006618697271902333,9.405229846869954,68.3955954365846,61.96283248063852,31.84501890867407,2023,San Andrés
5,0.03357449999998758,0.020775354330023667,0.002335497102996,0.023110851433019667,0.006444536942965083,10.105629858617647,68.83453642802787,61.878372961716046,31.020106038103567,2023,San Andrés
6,0.033606499999992,0.020653336001873083,0.002552865061271,0.023206201063144083,0.006247760531018001,11.000788342411811,69.05271618035084,61.4563730286641,30.250611961435105,2023,San Andrés
7,0.033639333333319,0.02049909644568125,0.0027452878199604167,0.023244384265641668,0.006070601335235167,11.810542230702675,69.09882557814733,60.937879602320656,29.61399470128412,2023,San Andrés
8,0.03367249999998216,0.020282789841396583,0.0029202817841081662,0.02320307162550475,0.00579638003720475,12.585755158804925,68.90807521127638,60.23547358053999,28.577824266435513,2023,San Andrés
9,0.03370591666665183,0.02033069044013975,0.00300001156551525,0.023330702005655,0.0056824522794795,12.858642508005518,69.21841715919885,60.31786834699753,27.95011953091564,2023,San Andrés
10,0.03373999999998891,0.020245985002416502,0.0030620024603988335,0.023307987462815333,0.005512329008880584,13.137137924429702,69.0811720889834,60.005883231841004,27.22677611498106,2023,San Andrés
11,0.03377408333331867,0.020218633854489916,0.0031326526682755,0.023351286522765417,0.00550154602184575,13.41533223542713,69.1396604085743,59.864345258317975,27.210275735934708,2023,San Andrés
12,0.033808916666652915,0.020250827260870248,0.0031670739874405003,0.023417901248310752,0.005455412438334917,13.524158095375677,69.26545881136961,59.89788865623266,26.939207806469035,2023,San Andrés
1,0.03384391666665567,0.020358761288494998,0.0032569319151594996,0.023615693203654503,0.005389916771327583,13.791388154786382,69.7782512475029,60.154861770337696,26.4746793527831,2024,San Andrés
2,0.03387908333332616,0.020505034673548583,0.0032486384610734167,0.023753673134622,0.0054494755015345,13.676362567852237,70.11309279214174,60.52417201435376,26.576280354035696,2024,San Andrés
3,0.03391516666665858,0.02059088925651133,0.0032834684499995835,0.023874357706510918,0.005530670813948667,13.75311742566431,70.39433991631063,60.712923686599126,26.85979583033179,2024,San Andrés
4,0.033951416666657415,0.020499300697226084,0.0034114038000734163,0.023910704497299498,0.005510020474762084,14.267265945504468,70.42623502889475,60.37833678191633,26.87906556494235,2024,San Andrés
5,0.03398791666666625,0.02042811123483858,0.0035287106713876664,0.02395682190622625,0.005506580303903833,14.729460715615927,70.4862911757165,60.104040607094674,26.95589543546631,2024,San Andrés
6,0.034024916666660916,0.020487476313262417,0.00359165547791875,0.024079131791181166,0.005364158581043999,14.916050582995572,70.76911319749077,60.21315647581565,26.182622491046153,2024,San Andrés
7,0.0340610833333335,0.020550941389175164,0.0035769278221652497,0.024127869211340414,0.005288399431261084,14.824880683968756,70.83705757452508,60.33554830906748,25.733124975222072,2024,San Andrés
8,0.034097666666672084,0.020663857746834335,0.0035326416301583335,0.024196499376992666,0.005332547158954083,14.59980460445183,70.96233186138491,60.601970066860055,25.80615499916041,2024,San Andrés
9,0.034133833333335084,0.02056081057124083,0.00361815919944325,0.024178969770684084,0.005280334846494333,14.96407511882539,70.83578786643608,60.23586735909077,25.68154999628338,2024,San Andrés
10,0.03417008333333125,0.020640213721438,0.003567866292833083,0.02420808001427108,0.005258845721683416,14.738328238876294,70.8458325316909,60.4043411896057,25.478639866123597,2024,San Andrés
11,0.034206416666671666,0.020606193514743666,0.0035407698514834172,0.02414696336622708,0.005020148048995666,14.663416669756831,70.59191145781192,60.240725345607146,24.362326042428776,2024,San Andrés
12,0.03424208333333825,0.02064261607896425,0.0035792386078624164,0.024221854686826666,0.004894281321945,14.776897368676837,70.73709403435787,60.28434624731639,23.709598159568987,2024,San Andrés
1,0.034277916666667664,0.020380571858865503,0.00369764880087375,0.024078220659739247,0.004787683089338417,15.356819148420387,70.24411924996963,59.45685689435106,23.49140702475326,2025,San Andrés
2,0.034313666666664085,0.020308764735196248,0.003655432326850667,0.023964197062046916,0.00474785468149775,15.253723366512977,69.83863687563377,59.18564440368107,23.378352860966707,2025,San Andrés
3,0.03434849999999442,0.020229159602104498,0.003718394886190083,0.02394755448829458,0.0046461393480732496,15.527242616809211,69.71936034557106,58.89386611382677,22.967535179216732,2025,San Andrés
4,0.034382833333327166,0.020407225304974085,0.003659876450908667,0.024067101755882753,0.0046292633966805,15.20696795165242,69.99743599534769,59.35294833655674,22.68443322156176,2025,San Andrés
5,0.03441733333332958,0.020568633640264084,0.00349260339962075,0.02406123703988483,0.0045648709204811665,14.515477295831783,69.91023042620228,59.7624268012232,22.193360046752026,2025,San Andrés
6,0.03445133333333458,0.020608374163360334,0.0033760295091568335,0.02398440367251717,0.004616525378142917,14.07593682650238,69.61821605119192,59.818799940088205,22.401210990970096,2025,San Andrés
7,0.034485500000004,0.020705698611116166,0.0033065956849821668,0.024012294296098333,0.004658774597802667,13.770427949150378,69.63011786430688,60.04175265289401,22.499963344880978,2025,San Andrés
8,0.034519166666670244,0.02070666377349133,0.0032907099271667502,0.023997373700658086,0.004703585932143084,13.712791942213695,69.51898327206315,59.985989735622766,22.71532480362488,2025,San Andrés
9,0.03455333333334149,0.020775641649320834,0.0032481913415217498,0.024023832990842584,0.004776564932158333,13.520703972425622,69.52681745370512,60.1263022843409,22.99117886601823,2025,San Andrés
10,0.03458675000001175,0.02085395368074783,0.0032491314117410832,0.02410308509248892,0.004883628770493583,13.480147455288153,69.68878282140048,60.29463213728017,23.41823927134787,2025,San Andrés
11,0.03462016666667125,0.02104355042580225,0.003282028491903083,0.02432557891770534,0.0050364001732293336,13.492087908807232,70.264187783716,60.784081799527634,23.933224533508486,2025,San Andrés
12,0.034653916666675666,0.020982851482628417,0.0033075485812601667,0.024290400063888582,0.005060994129871833,13.61669043144887,70.09424157600928,60.54972569033217,24.11966807305385,2025,San Andrés
1,0.03468750000000583,0.0212239057012905,0.003283742023728333,0.024507647725018834,0.005103581773211083,13.398846191085479,70.65267812616854,61.18603445416052,24.046383568792265,2026,San Andrés
2,0.034720833333343665,0.02137056174000375,0.003278734718639833,0.024649296458643583,0.005135985897254,13.301534687372808,70.99281351341293,61.54967979838442,24.03299435802804,2026,San Andrés
3,0.03475433333334583,0.02153837474886792,0.003134247772205083,0.024672622521073,0.00515042376157475,12.703342620056333,70.99149992153725,61.97320645538738,23.91277810711071,2026,San Andrés
4,0.03478800000001308,0.0214654615329095,0.00309516974271425,0.02456063127562375,0.005128085772940417,12.602158747386042,70.60087178226549,61.70363784322591,23.889939496890655,2026,San Andrés
1,0.030321000000045,0.021677995822793,0.00342074180543,0.025098737628223004,0.014526137763806,13.629138867858629,82.7767475617089,71.4949896862268,67.00867498337976,2023,San José del Guaviare
2,0.030387999999986003,0.022675549150454,0.0025421617191109997,0.025217710869564997,0.013449371190169,10.08085837870046,82.98575381590302,74.62007749922483,59.31221820001533,2023,San José del Guaviare
3,0.030444999999906002,0.023216497637593,0.0021089535980420003,0.025325451235635003,0.013596181587594002,8.327407786024079,83.18427076929937,76.25717732850937,58.56258682868069,2023,San José del Guaviare
4,0.030513999999899,0.022744428477872003,0.002346901781455,0.025091330259327,0.012913591459275002,9.353437052555652,82.2289121695289,74.53768263075075,56.776944172673325,2023,San José del Guaviare
5,0.030584999999918,0.022892184841359,0.0025596504964619997,0.025451835337821003,0.012946127404426,10.05684054799145,83.21672498901174,74.84775164760626,56.55260733801348,2023,San José del Guaviare
6,0.030659999999988002,0.022109546111206,0.002000261948376,0.024109808059582,0.014949860455438,8.296465668381929,78.63603411477963,72.11202254146983,67.61722009236912,2023,San José del Guaviare
7,0.03073500000004,0.023078178797451998,0.0016129098382389997,0.024691088635690996,0.013537289290873,6.532356114535739,80.33541121086338,75.08761606449312,58.658395056578804,2023,San José del Guaviare
8,0.030818999999897997,0.022396375679706003,0.0018412324098509999,0.024237608089556998,0.013913672511208,7.596592877678851,78.6450179747468,72.67067614062796,62.124661196032605,2023,San José del Guaviare
9,0.030908999999991,0.023565530775548,0.0015837366003939998,0.025149267375942,0.013729346045848,6.2973468639051315,81.36551611488343,76.2416473375226,58.26028777630508,2023,San José del Guaviare
10,0.030989999999997,0.024707660500398,0.001183302826767,0.025890963327165,0.013807176448277,4.570331400243688,83.54618692212813,79.72784930751983,55.88216839896513,2023,San José del Guaviare
11,0.031082999999906,0.023925156640601998,0.00192510924244,0.025850265883041998,0.01284105101832,7.447154513419875,83.16528611498303,76.97183875647252,53.67175317267597,2023,San José del Guaviare
12,0.030718499999967997,0.022978887176309915,0.0020567574020995834,0.0250356445784095,0.013571618279892,8.215316348888061,81.50021836494484,74.80471760123005,59.06125120751567,2023,San José del Guaviare
1,0.030797166666631168,0.022840940064025834,0.0021686535746061665,0.025009593638632,0.013383844479417583,8.671286730769886,81.20744972858162,74.1657189158705,58.59585657114417,2024,San José del Guaviare
2,0.030878083333296835,0.02263891720455383,0.0022131803607397496,0.024852097565293583,0.013115823376088501,8.905406696256083,80.48458609636164,73.31710637668223,57.9348528800231,2024,San José del Guaviare
3,0.0309616666666465,0.022417563605142753,0.0023388591534206664,0.024756422758563417,0.012919769684469833,9.447484300257551,79.95830142190734,72.40425344832003,57.632354309484114,2024,San José del Guaviare
4,0.031046999999984167,0.022239184002003167,0.0024646219810931665,0.024703805983096332,0.012746211262773916,9.976689352157287,79.56905975813744,71.63070184563568,57.314203891769665,2024,San José del Guaviare
5,0.031133416666661584,0.02238847540017075,0.0024778420001469997,0.02486631740031775,0.012926088536326916,9.964652024088364,79.87018471681331,71.91139873878626,57.73545677088996,2024,San José del Guaviare
6,0.031220916666666914,0.022239304619294836,0.002647352184580417,0.024886656803875248,0.01264476378044775,10.63763688888972,79.71148659592544,71.2320680931149,56.85773002757084,2024,San José del Guaviare
7,0.03130900000000458,0.022209394777912003,0.0027034317221651667,0.02491282650007717,0.012513746067800834,10.851565646944126,79.57081510132397,70.93613586479528,56.34438125367639,2024,San José del Guaviare
8,0.03139683333334083,0.02221774548825542,0.0028327817639432497,0.025050527252198668,0.01238566044608725,11.30827201928302,79.78679564985647,70.76428776230122,55.74670234941015,2024,San José del Guaviare
9,0.031483333333340004,0.022113880139177252,0.002908295923501333,0.02502217606267858,0.012187209011454,11.622873710968545,79.47753116783466,70.23995809160158,55.11112900473299,2024,San José del Guaviare
10,0.03156941666667567,0.022060704545953668,0.0029902387598669164,0.025050943305820583,0.012141918712973,11.93663138095137,79.35193599020182,69.87998789740296,55.038671533271796,2024,San José del Guaviare
11,0.031653666666686,0.022135515980368753,0.002987969861845333,0.025123485842214088,0.012155901693149417,11.893134100144474,79.36990714777248,69.93033765552774,54.91582714371817,2024,San José del Guaviare
12,0.031736166666687333,0.022243588344221497,0.0030755289579415834,0.025319117302163085,0.012451614798503416,12.147062321476872,79.7800111402236,70.08908346693944,55.97844469072874,2024,San José del Guaviare
1,0.03181700000002167,0.02238370462283683,0.002953344441501166,0.025337049064337997,0.012233645470854001,11.656228923904207,79.6336834532506,70.35139900940248,54.65424815502927,2025,San José del Guaviare
2,0.03189575000001908,0.022511757301160413,0.0030971866119074167,0.025608943913067835,0.012341686133734167,12.094159846736092,80.28951792339893,70.57917528556922,54.82329064154396,2025,San José del Guaviare
3,0.03197208333334592,0.022616999939428003,0.0030847907032000832,0.02570179064262808,0.012614704705318168,12.002240412322704,80.38822611169003,70.73983795056343,55.77532271787767,2025,San José del Guaviare
4,0.03204658333334808,0.022879635563923,0.0029905520389325833,0.025870187602855584,0.012834204483839833,11.559839011768444,80.72681987266562,71.39492945606517,56.0944445464727,2025,San José del Guaviare
5,0.032119666666668746,0.02294371865583067,0.0029872409453357497,0.025930959601166415,0.0127665442313775,11.51997840142167,80.73234342769663,71.43199490186444,55.64287299231307,2025,San José del Guaviare
6,0.0321910000000045,0.0232790581648275,0.002874537855451917,0.026153596020279418,0.012856177652840334,10.990985152569495,81.24505613455861,72.31542407761252,55.22636509523752,2025,San José del Guaviare
7,0.032260916666656585,0.023443410839059584,0.002908377862223083,0.02635178870128266,0.013104752556740581,11.036737942884002,81.68332280687693,72.66814852564194,55.899513286293924,2025,San José del Guaviare
8,0.03232974999999733,0.02355421027333067,0.0028983932382720835,0.026452603511602748,0.01315914739788625,10.956929955876662,81.82124362732446,72.85614727405134,55.86749564168465,2025,San José del Guaviare
9,0.032398250000005506,0.023658073528690916,0.0029983253317572497,0.026656398860448165,0.013270067470261833,11.248050974379966,82.27727997791126,73.02268958566248,56.09107374769459,2025,San José del Guaviare
10,0.03246600000000042,0.023686082794512914,0.00304940786984475,0.026735490664357663,0.013161050840473166,11.405842174836382,82.34919812837221,72.95657855760676,55.56448888003565,2025,San José del Guaviare
11,0.032533999999986414,0.023660858708644584,0.0030894990201848337,0.026750357728829416,0.0130941436532975,11.54937459716741,82.22277533915468,72.72655901104834,55.34094858743865,2025,San José del Guaviare
12,0.03260183333331092,0.023801010912007165,0.0030637645941029167,0.026864775506110078,0.012910724147420833,11.404393062603853,82.4026527326026,73.00513032096416,54.244436066821066,2025,San José del Guaviare
1,0.03266941666663308,0.02389575087431775,0.003086819610939167,0.026982570485256915,0.01331128794261275,11.440050208062214,82.59275260588161,73.14410023954815,55.70566923226179,2026,San José del Guaviare
2,0.032737249999966835,0.024201330072268833,0.002813666827987667,0.027014996900256497,0.013495557351725,10.415203223513798,82.5206665198936,73.92597140044857,55.763701050418405,2026,San José del Guaviare
3,0.03280541666664167,0.024693463031443087,0.0026020835891905833,0.027295546620633663,0.013707943992547834,9.532996812101125,83.20438937874933,75.27251759174497,55.51244058029856,2026,San José del Guaviare
4,0.0328739166666325,0.024852282263215498,0.0025174312863454167,0.027369713549560915,0.013850591678649082,9.197872245856235,83.25662508398814,75.59878707255142,55.7316689548054,2026,San José del Guaviare
2,0.375461000000172,0.18767203465034502,0.032356043009732,0.22002807766007698,0.124357242153139,14.705415487799286,58.60211251234514,49.98442838277718,66.26306491791976,2022,Santa Marta
3,0.375835000000064,0.18648130506025498,0.028885995598253996,0.215367300658509,0.11760174185665699,13.412433322018668,57.303683972613605,49.6178655687265,63.063555791106275,2022,Santa Marta
4,0.376239999999876,0.201630318545775,0.027927259654994,0.22955757820076897,0.137660758828808,12.165688396733769,61.01360254115581,53.59087777637717,68.27383888577036,2022,Santa Marta
5,0.376625999999666,0.20506486267324597,0.026706142142388003,0.23177100481563398,0.125711435043082,11.522641567538544,61.53876918105482,54.44787738324699,61.30325468941642,2022,Santa Marta
6,0.37702600000007397,0.21027361282975798,0.021433042324767,0.23170665515452502,0.135187736237481,9.250076270132732,61.45641286130918,55.771647798750415,64.2913461266925,2022,Santa Marta
7,0.37740699999981003,0.20717499487918,0.026364511938585997,0.233539506817766,0.13193344269172197,11.289101487723265,61.88001463085835,54.89431697856274,63.68212668167927,2022,Santa Marta
8,0.377803999999514,0.206206706574552,0.02820940136809,0.234416107942642,0.127713547474134,12.033900577767637,62.047015897910974,54.580339693284685,61.93472055088587,2022,Santa Marta
9,0.37820299999982604,0.214971958127228,0.025445004965553002,0.240416963092781,0.13511165793167898,10.583697854852838,63.568232693260384,56.840363013335924,62.85082906102345,2022,Santa Marta
10,0.378585000000342,0.20725668565280397,0.029105272928042,0.23636195858084597,0.143622418659135,12.313856723304626,62.43299617803992,54.74508648060984,69.2968809217238,2022,Santa Marta
11,0.378991999999585,0.210220930098065,0.01978021878439,0.23000114888245501,0.141620368247844,8.600052165173718,60.68759997116216,55.46843471585026,67.36739685329152,2022,Santa Marta
12,0.37937900000002306,0.21402088818899798,0.022143957689287,0.236164845878285,0.135720535944596,9.37648345033519,62.25037386841935,56.41347786487522,63.41462139188192,2022,Santa Marta
1,0.3776123333332349,0.2049509025548941,0.025937207643833584,0.23088811019872768,0.1322827996413479,11.233669685939727,61.14421850596013,54.27547896695134,64.54365313464147,2023,Santa Marta
2,0.3780079999998858,0.2068154725657665,0.025003967069434252,0.2318194396352007,0.1328074583574491,10.785966487013074,61.32659616602578,54.7119300559324,64.21543645155313,2023,Santa Marta
3,0.37840433333323603,0.20849240939356575,0.024426978992130168,0.23291938838569592,0.1340071576632465,10.487310292812998,61.553044684765545,55.09778589400034,64.27435802244706,2023,Santa Marta
4,0.37880283333324555,0.20963249285702198,0.023601507487621503,0.2332340003446435,0.13429585300882083,10.119239670350892,61.57134525428951,55.340793259748736,64.06251777982536,2023,Santa Marta
5,0.37920449999994843,0.21034916144683624,0.023355448523933914,0.23370460997077014,0.13497083276606123,9.993576304230809,61.63023117362846,55.471166994818056,64.16513944609845,2023,Santa Marta
6,0.37961041666662515,0.210234575689871,0.023138112547132998,0.233372688237004,0.13425518758674068,9.914661703530129,61.47689262224658,55.38166669290836,63.85970868311792,2023,Santa Marta
7,0.3800219166666701,0.21079543352977514,0.022777942729114167,0.23357337625888933,0.1342097962515005,9.75194309126543,61.463133049708894,55.46928329259253,63.668265485714706,2023,Santa Marta
8,0.3804393333333999,0.2116916353783608,0.0217512526509225,0.23344288802928334,0.13479112548147434,9.317590625504083,61.36139656850479,55.64399283415939,63.67333562356367,2023,Santa Marta
9,0.3808635833333927,0.21146361003042188,0.021095398916529753,0.23255900894695158,0.13423385896325027,9.070987622475537,61.06097277968914,55.5221394966804,63.47846749799595,2023,Santa Marta
10,0.3812951666666713,0.21211611376759731,0.020088096322605418,0.23220421009020276,0.13319622664234068,8.651047418477871,60.898807640327625,55.630422914075254,62.794016105855896,2023,Santa Marta
11,0.3817337500000532,0.211226592052613,0.02065776908681208,0.2318843611394251,0.13215464406514818,8.908651271394358,60.74505100463157,55.3334862459983,62.56534406057674,2023,Santa Marta
12,0.382179916666707,0.21041205545079442,0.021013794876955583,0.23142585032774998,0.13129039764443534,9.080141586255564,60.55416316644728,55.055759414561656,62.39680391085673,2023,Santa Marta
1,0.3826330000000367,0.2091108256678621,0.02168623919541642,0.23079706486327847,0.1297269998428326,9.396236996455348,60.318128562684436,54.65049425110799,62.037438486748854,2024,Santa Marta
2,0.3830923333333524,0.20806213386762337,0.021944490516640502,0.23000662438426386,0.12874213873109977,9.540808042110397,60.039474656915374,54.311223630407554,61.876775143049414,2024,Santa Marta
3,0.3835579166666494,0.20720177221843636,0.021882344691374834,0.22908411690981115,0.12739702793536198,9.55210033177017,59.72608228261611,54.02098697874502,61.48452620427272,2024,Santa Marta
4,0.3840279999999911,0.20618308974847968,0.021855886005272333,0.22803897575375198,0.12531800423168285,9.584276518095496,59.380820084409805,53.68959808880719,60.77996230658722,2024,Santa Marta
5,0.38450141666666965,0.20487035521074093,0.021736333082895087,0.22660668829363603,0.12357796667735409,9.592096882299094,58.93520243908098,53.28208072334524,60.320082205273174,2024,Santa Marta
6,0.38497649999996225,0.20397512885988736,0.02177791145485458,0.2257530403147419,0.12281786119947717,9.64678545391553,58.64073269790858,52.983787025937254,60.212174830315725,2024,Santa Marta
7,0.3854512499999083,0.20340891613412493,0.021473132520567918,0.22488204865469283,0.12249153435103725,9.548620109531281,58.342539725775,52.77163224510838,60.219353546069776,2024,Santa Marta
8,0.3859240833332062,0.2027147212411425,0.022074006334945415,0.22478872757608792,0.12152552363020148,9.819890246708953,58.24687737406782,52.527097943799205,59.949037191847,2024,Santa Marta
9,0.3863932499999254,0.2014596157409808,0.022216255023853753,0.22367587076483456,0.12103767224831234,9.932343148095393,57.888141359839416,52.13849251792564,60.080364892550975,2024,Santa Marta
10,0.3868579166665968,0.200077390602854,0.02235162219621792,0.2224290127990719,0.11993494071695217,10.048878927682397,57.49630632239754,51.71857211217041,59.94427474067695,2024,Santa Marta
11,0.3873165833332371,0.2001285267408909,0.021905074823348084,0.222033601564239,0.11962013707205948,9.86565757120797,57.326128319480475,51.67052880064924,59.77165725450689,2024,Santa Marta
12,0.38776883333325524,0.20095927772959535,0.021402877305895667,0.22236215503549103,0.12018334049130198,9.625233800454746,57.343998774751746,51.82450482215199,59.804823071178134,2024,Santa Marta
1,0.38821408333330515,0.20224764320462366,0.02088193510443592,0.22312957830905958,0.12141582208236558,9.35865843636028,57.47591030011382,52.096936171937344,60.03324447124625,2025,Santa Marta
2,0.3886522499999964,0.20303092727486408,0.020695172463184166,0.22372609973804825,0.12181557091121699,9.250227169478794,57.564596561077494,52.23974060998384,59.99852955717559,2025,Santa Marta
3,0.38908266666665364,0.2037208005234686,0.02062437030445775,0.22434517082792635,0.12268729629679076,9.193142080279824,57.66002704513535,52.3592588353483,60.2232545628826,2025,Santa Marta
4,0.3895063333332878,0.20474045698361856,0.020602296411661083,0.22534275339527968,0.12386553689714574,9.14264874341091,57.853424735577086,52.56408932596967,60.49880845340514,2025,Santa Marta
5,0.38992408333329326,0.20513058550411825,0.020293580943581416,0.22542416644769966,0.12476937007046092,9.002398129434672,57.812321957814305,52.60782656730129,60.824362083223335,2025,Santa Marta
6,0.39033674999998597,0.20616422730821596,0.020021564709362418,0.22618579201757846,0.12459526783279691,8.851822446834506,57.94632250680639,52.817016924033766,60.434959769488394,2025,Santa Marta
7,0.3907453333333606,0.2071734111252401,0.020251763184584166,0.22742517430982426,0.12520415586732583,8.90480275371579,58.20291502132891,53.02006024176676,60.434471386696266,2025,Santa Marta
8,0.391151500000036,0.20737981989241253,0.02017210092694083,0.22755192081935335,0.12508103478276408,8.864834387820816,58.17488129774075,53.017774415384686,60.314950050422176,2025,Santa Marta
9,0.39155633333337053,0.20932196601829292,0.02005332928817383,0.22937529530646675,0.12566097792584324,8.742584619403198,58.58040741003081,53.458965721817734,60.03238948886117,2025,Santa Marta
10,0.3919602500000529,0.21094418990540684,0.020588978331034,0.23153316823644085,0.1259486611434355,8.892453071781322,59.07057367077646,53.81775062787065,59.70710129533045,2025,Santa Marta
11,0.39236525000008515,0.2118532964243501,0.020635302542705417,0.2324885989670555,0.12519488113585367,8.875834184724694,59.253106376521636,53.99389890524304,59.09508289410027,2025,Santa Marta
12,0.39277125000009266,0.21110588022034074,0.02079703347984375,0.23190291370018448,0.12393523416271568,8.967991452979836,59.04274146850865,53.747793460007806,58.70761820246735,2025,Santa Marta
1,0.39317891666673327,0.21117863705771947,0.020824430998256,0.2320030680559755,0.12385148286723917,8.97592914298516,59.00699610824407,53.710569948164064,58.64773283548942,2026,Santa Marta
2,0.39358883333338285,0.21136837034689834,0.021254656907772836,0.23262302725467118,0.124217328399342,9.136953103315799,59.10305566459802,53.70283718589707,58.768172454315746,2026,Santa Marta
3,0.3940010833334365,0.21194261810319323,0.0221738879802745,0.23411650608346776,0.12396899115310424,9.471304843567507,59.420269635487,53.792394759440235,58.491771151352246,2026,Santa Marta
4,0.39441633333346404,0.21016849814907743,0.022799232354802832,0.23296773050388023,0.12222963077257092,9.78643364275856,59.0664510607158,53.285952022526395,58.157921786104495,2026,Santa Marta
2,0.20038799999996396,0.11523776712913102,0.013371146282406,0.12860891341153702,0.08223330561164,10.396749282547415,64.17994760742167,57.50731936500776,71.35968325340122,2022,Sincelejo
3,0.200591000000297,0.112136779412739,0.014906605060303002,0.127043384473042,0.083527628183886,11.733476026424746,63.33453867464338,55.90319576280739,74.48727225921834,2022,Sincelejo
4,0.200812999999623,0.10249847590672401,0.017325218827182,0.11982369473390601,0.07155388042026299,14.45892556197364,59.669291696319945,51.04175322659212,69.80970183925338,2022,Sincelejo
5,0.20102900000013602,0.10445420620213301,0.012691122704228001,0.117145328906361,0.073619697523915,10.833656640609657,58.27285063661548,51.95977008394925,70.48035708724926,2022,Sincelejo
6,0.201249999999915,0.10272760355997301,0.014908211639565001,0.11763581519953802,0.071078619269905,12.673191080690152,58.452578981161594,51.04477195528765,69.19135345000905,2022,Sincelejo
7,0.201465000000249,0.105395207445113,0.013678610074899001,0.119073817520012,0.071517405036645,11.487504440344429,59.10397216383234,52.31440073709217,67.85641090358814,2022,Sincelejo
8,0.201690000000149,0.098129604135135,0.016111930702375998,0.11424153483751098,0.068387224856171,14.103391314982296,56.64214132452109,48.65367848433859,69.69071714790009,2022,Sincelejo
9,0.201913000000178,0.108118854490286,0.014477602031573002,0.12259645652185902,0.07299877452927,11.809152109540488,60.717465701441185,53.54724781969992,67.51715496192999,2022,Sincelejo
10,0.202128999999894,0.105530011857248,0.01562856127097,0.121158573128218,0.069363286155271,12.899261577165344,59.94121235858364,52.209238583925774,65.72849271456516,2022,Sincelejo
11,0.20235600000004603,0.105107788350302,0.013226460246867001,0.118334248597169,0.07139475170223901,11.177203897995959,58.47825050759161,51.942017212377245,67.92527254430986,2022,Sincelejo
12,0.202570999999556,0.10187670056294301,0.01630449766006,0.11818119822300298,0.06654387189691,13.796185776771441,58.3406303090087,50.29184856823845,65.31804772750453,2022,Sincelejo
1,0.20158258333331658,0.10526968129882293,0.014824881703485586,0.12009456300230852,0.07226836454616559,12.344340437127546,59.57586266454988,52.221615358882275,68.65069187492035,2023,Sincelejo
2,0.2018022499999765,0.1041888193167465,0.014771285301527834,0.11896010461827435,0.07133087586231242,12.417007658934681,58.94884948918468,51.62916633325874,68.4630810965023,2023,Sincelejo
3,0.20202166666660334,0.10344611296228218,0.014686596935848001,0.11813270989813017,0.07032266907556141,12.432286492464915,58.475267453903726,51.20545467679932,67.9800014343719,2023,Sincelejo
4,0.20224108333328836,0.10368989685898992,0.014387814175858,0.11807771103484793,0.07044334976918258,12.185038183549956,58.38463139571832,51.27044176682515,67.93656074803506,2023,Sincelejo
5,0.2024609166666058,0.10358034059825183,0.014763261977885168,0.118343602576137,0.07023508527161,12.47491343555064,58.45256680874091,51.16065969849307,67.80735114979473,2023,Sincelejo
6,0.2026807499999305,0.10375002134286526,0.014688655742479335,0.11843867708534457,0.07058328723504574,12.401907977995211,58.43607598915298,51.18888761902689,68.03207008679777,2023,Sincelejo
7,0.20290049999990167,0.1039628446745301,0.014528889476323583,0.11849173415085368,0.07050861930398374,12.261521514932532,58.39893649888054,51.23833833557852,67.82097923995887,2023,Sincelejo
8,0.20311999999987582,0.10534007955829168,0.014367610336278334,0.11970768989457002,0.07139968464362074,12.002245092969632,58.93446725809531,51.861008053542776,67.78016965908076,2023,Sincelejo
9,0.2033390833332256,0.10627471978751851,0.014231764418088167,0.12050648420560667,0.07230852297535757,11.809957374414896,59.2638081328047,52.26477765386544,68.03925065145162,2023,Sincelejo
10,0.20355783333322655,0.10697680420824085,0.013881330167394916,0.12085813437563575,0.0729412125206385,11.485639952252404,59.372873250124236,52.553518799307795,68.18413866491213,2023,Sincelejo
11,0.20377541666653629,0.10723783776284025,0.013954216647151999,0.12119205440999226,0.07305827229823958,11.514134911802829,59.47334393545335,52.625502878164745,68.12732690471638,2023,Sincelejo
12,0.20399241666659798,0.10802569110305459,0.0136655330194875,0.12169122412254209,0.07395956574434574,11.229678325633753,59.654778403567974,52.95573868297766,68.46479294799386,2023,Sincelejo
1,0.20420824999995935,0.10812502595767216,0.013967009731957665,0.12209203568962984,0.07459816788983832,11.439738598071376,59.78800351584921,52.94841220063034,68.9925086529379,2024,Sincelejo
2,0.20442274999998544,0.10895254757234067,0.014168574707096917,0.12312112227943757,0.07511765832141408,11.507834273098734,60.228679185387314,53.29766259985663,68.94529774215567,2024,Sincelejo
3,0.20463641666668655,0.10952069528916075,0.014181052297559,0.12370174758671976,0.07562536674843974,11.463906189051636,60.449527802378476,53.51965064338911,69.05121132473707,2024,Sincelejo
4,0.20484883333338977,0.10979532120955067,0.014342725747685832,0.1241380469572365,0.0758395644193105,11.553851618615091,60.59983107406956,53.598216510640164,69.07358490674329,2024,Sincelejo
5,0.20505916666670998,0.110019026241357,0.014339137677237915,0.12435816391859493,0.07600587415662942,11.530515750155606,60.645015748415055,53.652332655859695,69.08430000997248,2024,Sincelejo
6,0.20526783333339219,0.1101929353434319,0.014454840055889165,0.12464777539932109,0.07555273271567116,11.59654876276909,60.72445612892036,53.68251496300377,68.56404403803235,2024,Sincelejo
7,0.20547433333339585,0.11028725632374449,0.014817032108280831,0.12510428843202534,0.07541034667191816,11.843744362393762,60.88560376494093,53.674468501521325,68.37630129319172,2024,Sincelejo
8,0.2056785833333881,0.1100525191883714,0.014816237710693583,0.124868756899065,0.0752056028144405,11.865448234316911,60.71062668526017,53.507038703191235,68.33610295255016,2024,Sincelejo
9,0.20588050000003408,0.10926018990938141,0.015146554287013917,0.12440674419639534,0.07448234391299682,12.175026671466245,60.42667673547264,53.069712726248156,68.1697002126495,2024,Sincelejo
10,0.20608016666672027,0.1088340834786275,0.015414679152582164,0.12424876263120967,0.074337377747805,12.406303955183372,60.29147037334695,52.811527299780195,68.30339850512284,2024,Sincelejo
11,0.20627750000010334,0.10935238636513667,0.015356467766903666,0.12470885413204034,0.07476835973729491,12.313855238092724,60.45683806133867,53.01227054093728,68.3737796883894,2024,Sincelejo
12,0.20647208333340517,0.10990963503040334,0.01566063567461158,0.12557027070501492,0.0749595514344515,12.471610984578486,60.81706963853688,53.23220130099837,68.2010739219688,2024,Sincelejo
1,0.2066643333333944,0.11072414423807085,0.015515486807699666,0.1262396310457705,0.07517933393677832,12.290503924297942,61.08438210386239,53.57680372425405,67.89786857610143,2025,Sincelejo
2,0.20685400000003643,0.11087247358116942,0.01578278533863175,0.12665525891980117,0.07542413026364575,12.461215959951177,61.229301304194685,53.59938583790977,68.02782316246237,2025,Sincelejo
3,0.207041583333326,0.11069201257070399,0.016147524836298166,0.12683953740700218,0.07522405777607243,12.730671497550528,61.2628320190139,53.46366212457703,67.95798181736322,2025,Sincelejo
4,0.20722691666665383,0.11104163896653292,0.015996201472349248,0.12703784043888217,0.07512059675924133,12.59168246019186,61.30373528803491,53.58456360432897,67.65083572107766,2025,Sincelejo
5,0.20741024999998492,0.11185488045531992,0.016135169282922582,0.1279900497382425,0.07579384064113158,12.60658099275784,61.708642527672474,53.92929252789004,67.76087045339715,2025,Sincelejo
6,0.2075917499999785,0.11241911898627201,0.01628509150155475,0.12870421048782674,0.07641172767125033,12.653114796966994,61.998711648145964,54.153943490665526,67.97040250829693,2025,Sincelejo
7,0.2077720833333135,0.11311020578786207,0.015980044177275336,0.12909024996513743,0.07756450036917341,12.3789706671038,62.130700089312484,54.43955894999025,68.5742721701395,2025,Sincelejo
8,0.20795099999996433,0.11350053081642199,0.016067201838079165,0.12956773265450117,0.07786211147860642,12.400619744518615,62.30685721853869,54.58042078010755,68.60065844497427,2025,Sincelejo
9,0.20812933333330141,0.1139439475895705,0.0161289820706245,0.13007292966019499,0.0781020446358315,12.399952943906285,62.49620251840919,54.746702814398084,68.54426785102918,2025,Sincelejo
10,0.20830674999995033,0.11480696779308532,0.016280671755639083,0.1310876395487244,0.07876252866529491,12.419684885383617,62.93009686376253,55.11437713521654,68.60431050426078,2025,Sincelejo
11,0.20848383333323617,0.11552432376724366,0.016207206200969167,0.13173152996821283,0.07880997010498433,12.30320956940226,63.18548918738266,55.411646035206964,68.2193736652112,2025,Sincelejo
12,0.2086606666665506,0.11524283006598891,0.01623991642616325,0.13148274649215216,0.07888443186317708,12.351366897505876,63.012712742007906,55.229781399171074,68.45062015398898,2025,Sincelejo
1,0.20883708333319762,0.11559224618525342,0.016226602965467,0.13181884915072042,0.07916454889698617,12.309774413910759,63.120422410997136,55.350440803095815,68.48603735073496,2026,Sincelejo
2,0.20901366666652896,0.11577615572983958,0.015958793803806333,0.13173494953364592,0.0790287339386625,12.114320353332172,63.02695495210012,55.39166772025236,68.25993957086797,2026,Sincelejo
3,0.20919008333321895,0.11678242740455909,0.01567864983271008,0.13246107723726916,0.07946656114660809,11.836420297734636,63.32091613839642,55.82598636787974,68.04667698104876,2026,Sincelejo
4,0.20936649999987425,0.11777073164318382,0.01563124042076858,0.1334019720639524,0.08011224866015675,11.717398310480014,63.71696143558426,56.25099127284191,68.02390334372468,2026,Sincelejo
1,38.74959000001125,20.695784878261158,3.551571130145323,24.247356008406477,11.765841057254065,14.647251143233946,62.574484035571565,53.409042207298576,56.85138846612625,2022,Todas (Panorama Nacional)
2,38.796078999993746,21.680919300124348,3.2125436423005516,24.8934629424249,12.861431417790655,12.905169721588017,64.1648939379387,55.88430547357077,59.32143023897003,2022,Todas (Panorama Nacional)
3,38.837856000001906,21.67982920059024,2.9903270059174623,24.670156206507706,12.815767181568877,12.121232556803383,63.52090137649847,55.82138519847537,59.11378296845605,2022,Todas (Panorama Nacional)
4,38.884307000004945,21.957394726575167,2.7606234168790467,24.718018143454213,12.722358186660081,11.168465857001204,63.56810767760647,56.46852527569123,57.94110979506204,2022,Todas (Panorama Nacional)
5,38.92930100000125,22.18476215596567,2.6438114486481883,24.828573604613858,12.654396242701862,10.64826151816024,63.778626810209246,56.98731183476672,57.04093717001598,2022,Todas (Panorama Nacional)
6,38.97623700000818,22.022595662036405,2.794728851799746,24.817324513836148,12.828120424407002,11.261201223530882,63.67296184552382,56.502621487117345,58.24981133591225,2022,Todas (Panorama Nacional)
7,39.015418000007735,22.0550617245958,2.722822810005655,24.77788453460146,12.818164997971765,10.988923635523957,63.5079304663519,56.52909248490283,58.1189259773277,2022,Todas (Panorama Nacional)
8,39.062389000007705,22.160002623960587,2.63614725772571,24.7961498816863,12.705068591903634,10.631276509877406,63.4783240771101,56.729767920636434,57.33333523239853,2022,Todas (Panorama Nacional)
9,39.10892100000452,22.389333537607154,2.696315541902109,25.085649079509267,13.128088260548688,10.74843841335779,64.14303549695572,57.24866083010719,58.63545798939286,2022,Todas (Panorama Nacional)
10,39.1539129999887,22.606050216224908,2.4341670187019773,25.040217234926885,13.016601672561672,9.72102995698745,63.95329436149616,57.73637545813476,57.58016791106366,2022,Todas (Panorama Nacional)
11,39.20000399999151,22.486275519291148,2.3606457984314413,24.84692131772259,12.988187231602017,9.500757732700112,63.38499689369412,57.36294189994475,57.76050916239709,2022,Todas (Panorama Nacional)
12,38.99657108333419,22.032179972954836,2.781335982567999,24.813515955522835,12.766204824970616,11.208955585147324,63.62999429487607,56.49773649553163,57.94344835890737,2022,Todas (Panorama Nacional)
1,39.04172891666617,22.09849509785425,2.76978949406117,24.868284591915415,12.82160797586297,11.137838976483398,63.696678610202675,56.602245113230175,58.02027658031763,2023,Todas (Panorama Nacional)
2,39.086915833334395,22.1444760132119,2.7393584391410286,24.88383445235293,12.829151808253556,11.00858649572797,63.6628240469444,56.65444699611343,57.933869379430746,2023,Todas (Panorama Nacional)
3,39.13216683333342,22.23729848758009,2.7019807313161395,24.939279218896232,12.870232120042772,10.834237459713258,63.73089260585628,56.82613636574296,57.87677908461325,2023,Todas (Panorama Nacional)
4,39.17750916666647,22.302678707666956,2.6995959720081033,25.002274679675065,12.867349488566802,10.797401462846372,63.81792822333849,56.927250307793486,57.694188474962935,2023,Todas (Panorama Nacional)
5,39.22300016666684,22.33456955793707,2.6993255119223947,25.033895069859465,12.860625975798982,10.782682856142323,63.82452888225056,56.94253234845053,57.58170508922426,2023,Todas (Panorama Nacional)
6,39.26866891666638,22.420374570901803,2.664393421514706,25.084767992416513,12.861569992065128,10.621558956894441,63.87985303410693,57.09481678251173,57.36554468076312,2023,Todas (Panorama Nacional)
7,39.3144739166659,22.514268865298575,2.6419985410144515,25.156267406313024,12.881713416963203,10.502347181885321,63.987292465457536,57.26712485844684,57.21577500043935,2023,Todas (Panorama Nacional)
8,39.360529249998045,22.59769160953373,2.6196921865359446,25.21738379606968,12.901320293473566,10.388437625889818,64.06769491309858,57.41206238870594,57.09131939844083,2023,Todas (Panorama Nacional)
9,39.406832999998024,22.657463052070824,2.5913298553970305,25.248792907467855,12.887209969999155,10.263183134709744,64.07211893295035,57.49628002857261,56.87843312546549,2023,Todas (Panorama Nacional)
10,39.453386657217294,22.697107251791575,2.5840942561712295,25.281201507962802,12.863329592903833,10.221406033084778,64.07866003396202,57.528920011330754,56.67387235828688,2023,Todas (Panorama Nacional)
11,39.50019124055203,22.755379344752445,2.5786357418820582,25.334015086634505,12.846737965421566,10.178551378705352,64.1364365360993,57.60827639080167,56.45582862315198,2023,Todas (Panorama Nacional)
12,39.54722940721923,22.78839375370856,2.5763045040121604,25.364698257720722,12.844136774834086,10.157047711884225,64.13773768204979,57.62323706436084,56.36262438524805,2023,Todas (Panorama Nacional)
1,39.59448965722024,22.83281340734126,2.5579663397830394,25.3907797471243,12.830246352966958,10.074390645969622,64.12705395861612,57.666644033073396,56.19213946206799,2024,Todas (Panorama Nacional)
2,39.641920573886075,22.854500536268777,2.568236647078643,25.422737183347422,12.818577218924856,10.102124836348885,64.13094223314329,57.65235439002435,56.0877591640321,2024,Todas (Panorama Nacional)
3,39.689654240553615,22.84211498938822,2.596485070821819,25.43860006021004,12.768602395316892,10.206870915365855,64.09378097886702,57.55181148957676,55.89938760595861,2024,Todas (Panorama Nacional)
4,39.73753365722006,22.85233837255843,2.5958504781105,25.448188850668927,12.773457763098707,10.200531335817503,64.0406852377592,57.50819507240934,55.89562676193059,2024,Todas (Panorama Nacional)
5,39.785501490553,22.890891597047546,2.5963167685146735,25.48720836556222,12.793335276155815,10.186744390659754,64.06154858099279,57.53576237434872,55.88832231334271,2024,Todas (Panorama Nacional)
6,39.833542573887065,22.88003327903962,2.6169480435947756,25.496981322634394,12.79245313712464,10.263756365823733,64.00882190013644,57.43911236767241,55.91099008078715,2024,Todas (Panorama Nacional)
7,39.88162749055281,22.881799083865534,2.625331232410153,25.50713031627569,12.78716510387378,10.292538595511749,63.95709483600647,57.374286165442456,55.88356517337964,2024,Todas (Panorama Nacional)
8,39.92964607388608,22.903198872970563,2.636693753015358,25.539892625985924,12.800925700535734,10.323824738137766,63.96223141754559,57.35888274739609,55.891431461318156,2024,Todas (Panorama Nacional)
9,39.97756174055249,22.912092493908105,2.6348276795193626,25.546920173427466,12.795160973786997,10.31368032480083,63.90314731854482,57.31238098662358,55.84457629607156,2024,Todas (Panorama Nacional)
10,40.02530133333423,22.938036239610742,2.635169823040417,25.573206062651163,12.81195632317381,10.304417117605746,63.892600956767964,57.308840846895215,55.85463458746035,2024,Todas (Panorama Nacional)
11,40.07287250000061,22.973012977833914,2.6188898875784923,25.591902865412404,12.832358257976635,10.233275350219996,63.86341000489051,57.32809141105012,55.85840338121193,2024,Todas (Panorama Nacional)
12,40.12025675000099,23.03604286659863,2.6045187900058835,25.640561656604515,12.877771225082926,10.157807090528415,63.909266125531175,57.417486159527286,55.90270559773612,2024,Todas (Panorama Nacional)
1,40.167444999999546,23.109228907457236,2.5897654520521187,25.698994359509356,12.927135073442962,10.077302698398515,63.97965904853955,57.532235140814905,55.93927484647243,2025,Todas (Panorama Nacional)
2,40.21442766666589,23.190607340604288,2.5675328310993635,25.758140171703648,12.986326964453427,9.967850217384488,64.05198747377625,57.66738130113237,55.99821847578674,2025,Todas (Panorama Nacional)
3,40.26108333333256,23.278717422822954,2.5376195909964245,25.81633701381938,13.067521738849983,9.829510629792473,64.12231086798842,57.81940150515092,56.13505891024006,2025,Todas (Panorama Nacional)
4,40.30751199999952,23.338004136251225,2.4997475722273435,25.837751708478567,13.085387264392843,9.67478749866251,64.10157915100014,57.899887584853914,56.069007392397964,2025,Todas (Panorama Nacional)
5,40.35374433333152,23.387732557801282,2.474826933701985,25.862559491503266,13.102248405197189,9.569149312213472,64.08961527305217,57.95678429395065,56.021884006137924,2025,Todas (Panorama Nacional)
6,40.39979941666425,23.456982279362762,2.4413914749889263,25.89837375435169,13.1232006288773,9.426813815206064,64.10520380868287,58.06212559977995,55.945818062125454,2025,Todas (Panorama Nacional)
7,40.445716499997836,23.520820751204862,2.4222393776821276,25.943060128886987,13.134378320610105,9.33675274099612,64.14291147219106,58.15404642715656,55.841496602270105,2025,Todas (Panorama Nacional)
8,40.49153033333211,23.553567954966496,2.4001680813710093,25.953736036337506,13.147389421797952,9.247871204402184,64.09670324307977,58.16912268089186,55.819099029647,2025,Todas (Panorama Nacional)
9,40.53725258333241,23.613028905352333,2.383180992274303,25.99620989762664,13.160848783546598,9.167417102951916,64.12918547991441,58.250195562244976,55.73553836019506,2025,Todas (Panorama Nacional)
10,40.58293591666546,23.69440456587044,2.3687162452414285,26.06312081111186,13.2218724384319,9.088383016018327,64.22187114463789,58.38514151495946,55.801665754778085,2025,Todas (Panorama Nacional)
11,40.6285919245514,23.77718650306535,2.3486160917719934,26.12580259483735,13.27203686266457,8.98964188084349,64.30398238598522,58.523284654364474,55.818365477991016,2025,Todas (Panorama Nacional)
12,40.67421042455141,23.82743385977423,2.3259455315591917,26.153379391333427,13.276371682859432,8.893479870253216,64.29966093588126,58.58118353390758,55.71884811848231,2025,Todas (Panorama Nacional)
1,40.71983692455249,23.854447768057643,2.3104196687060488,26.164867436763696,13.269693473330037,8.830236477558941,64.25582569312131,58.581884333810606,55.627753793985754,2026,Todas (Panorama Nacional)
2,40.7654954245531,23.906488268453714,2.2893892885045863,26.195877556958305,13.253925677460002,8.739502173678718,64.25992689194818,58.64392918442201,55.44070517019216,2026,Todas (Panorama Nacional)
3,40.8111558412195,23.960622098658803,2.2748893978433227,26.235511496502127,13.242447498700068,8.671031240029851,64.28514693035014,58.710961757320376,55.26754457448463,2026,Todas (Panorama Nacional)
4,40.85686484122115,24.019041034439045,2.2804885192207145,26.299529553659763,13.258734069887103,8.671214116464562,64.36991593913429,58.78826270146369,55.20093017400832,2026,Todas (Panorama Nacional)
2,0.13796099999995998,0.067267809998622,0.014965636458233999,0.082233446456856,0.02603468187799,18.198965388232587,59.60629921273393,48.75856944980213,38.7030317748167,2022,Tunja
3,0.13806200000043797,0.07096726486204101,0.009644871870430002,0.080612136732471,0.028809622044036996,11.964540652778648,58.38835938362132,51.40246038867746,40.595649416730865,2022,Tunja
4,0.13816999999996998,0.071116363215233,0.010560380503255999,0.081676743718489,0.027639026762302,12.929482766421144,59.11322553268202,51.47019122475823,38.864510940545074,2022,Tunja
5,0.13828000000015403,0.07361218373679801,0.011064280669850999,0.084676464406649,0.028684943798574,13.066535958228087,61.23551085229584,53.23415080757594,38.96765771972973,2022,Tunja
6,0.138382000000014,0.07224499423485499,0.012422870709852,0.08466786494470699,0.03088877763559,14.672474282852003,61.18416047224237,52.2069302617737,42.755595682070854,2022,Tunja
7,0.138486000000031,0.075343843108139,0.012205411857735998,0.08754925496587501,0.03132809250955999,13.941194431058756,63.218848812049885,54.40538618208494,41.58016264792283,2022,Tunja
8,0.13858600000025398,0.074533716468375,0.010222066740428,0.084755783208803,0.033776792970819994,12.06061268438176,61.15753626531373,53.78156268904392,45.317467813578894,2022,Tunja
9,0.13868499999983497,0.075597190461037,0.011317942286683,0.08691513274771999,0.030372346944767,13.021831675198008,62.67089645442796,54.50999780879472,40.176555186162624,2022,Tunja
10,0.13878299999967003,0.075302024269674,0.010623369133476,0.08592539340315,0.03033503073988,12.363480355140917,61.9134860922118,54.25882440201829,40.284482434686254,2022,Tunja
11,0.13888500000007398,0.082287548838577,0.008501793237033,0.09078934207561,0.029657386298566003,9.364307574729033,65.37015665879082,59.24869412717945,36.041158981105056,2022,Tunja
12,0.138985000000117,0.076599138165776,0.010016228341312,0.086615366507088,0.032199705552779,11.564031586118546,62.319938487617435,55.11324111645971,42.03664208739834,2022,Tunja
1,0.13852966666671407,0.07436091578522717,0.011198426839200833,0.08555934262442799,0.03003459314187483,13.088490976792027,61.762469139750124,53.67869393934998,40.390294854116924,2023,Tunja
2,0.13863316666671874,0.07525355686517125,0.0107471655993445,0.08600072246451575,0.030670042648711912,12.496599204476249,62.034738535018754,54.28250589275269,40.75560535120245,2023,Tunja
3,0.1387369166666929,0.07593907288589334,0.01066519674757175,0.08660426963346508,0.03093752636790575,12.314862526651423,62.42337779606753,54.736024635989565,40.73993162175251,2023,Tunja
4,0.13884191666671433,0.07653846776389284,0.010542048584766915,0.08708051634865975,0.030850257992169495,12.106093333849607,62.719183398838986,55.12634051834723,40.306866460061485,2023,Tunja
5,0.13894775000002207,0.07702406634058967,0.010191545114252751,0.08721561145484241,0.031005822782441083,11.685459683476076,62.76863889831146,55.43383490598259,40.254720706821246,2023,Tunja
6,0.13905658333335208,0.07748200994906641,0.009927293622199082,0.08740930357126549,0.03114397917302475,11.357250563271313,62.85880285273827,55.719771111680046,40.19511005651191,2023,Tunja
7,0.13916816666667206,0.07788869833507583,0.009592861161406917,0.08748155949648274,0.03148041743154017,10.965580879696828,62.860323299374755,55.96732370674291,40.41718260088512,2023,Tunja
8,0.1392839166666606,0.07844441730401092,0.00938117789904625,0.08782559520305716,0.03150663356687283,10.681599000105264,63.05508726699911,56.31979569597184,40.16427764995569,2023,Tunja
9,0.1394048333333491,0.07896613569213957,0.009092833700461834,0.08805896939260142,0.031721415389332576,10.325846149666384,63.16780221101238,56.64519213857767,40.170910113928976,2023,Tunja
10,0.13953083333337557,0.07914404734769709,0.008986260662132666,0.08813030800982975,0.03162418598361008,10.196561052674829,63.16188752292724,56.721547099630165,39.95775682873296,2023,Tunja
11,0.13966258333336135,0.07894221855324983,0.008954364954100751,0.08789658350735058,0.032101739787693,10.187386809354107,62.93495466681278,56.523527396612906,40.66485636711493,2023,Tunja
12,0.13980058333336273,0.07910204540060341,0.00901991552328375,0.08812196092388717,0.031994336270504416,10.235718121473084,63.03404379490689,56.582056751494314,40.446913993781955,2023,Tunja
1,0.13994466666667568,0.07917772140602916,0.0088403934143045,0.08801811482033366,0.032149877778820085,10.043834081597737,62.894940490999765,56.57787702236412,40.604701938760215,2024,Tunja
2,0.14009475000001706,0.07918141175006983,0.009169293937918833,0.08835070568798865,0.032142069155361504,10.378291680318073,63.064965452294174,56.519899389563264,40.59294782065206,2024,Tunja
3,0.1402506666666695,0.07916762578596141,0.009420985876831416,0.08858861166279282,0.03208329335560491,10.63453383002753,63.16448525220869,56.44723669949981,40.52577431379048,2024,Tunja
4,0.14041199999997375,0.07908200842127075,0.009421325871874582,0.08850333429314533,0.032225094146108,10.645164893639802,63.03117560690104,56.321403029146744,40.7489576825674,2024,Tunja
5,0.14057841666666107,0.07897007946381167,0.009561447658418749,0.0885315271222304,0.03224000091939717,10.800048264408458,62.97661420682805,56.175109477200316,40.82559006942784,2024,Tunja
6,0.14074933333332315,0.07918044832869649,0.009670205174955416,0.08885065350365191,0.0319943192565235,10.883662408355784,63.126873427695344,56.256357634874924,40.40684276465274,2024,Tunja
7,0.14092366666666575,0.07917779340546566,0.009845672729915416,0.08902346613538108,0.03171105922838025,11.059637595937637,63.17140920407146,56.18488028185437,40.050445793543965,2024,Tunja
8,0.14110133333332517,0.07883006267633909,0.01008330183002575,0.08891336450636483,0.031561070081935504,11.340591918894196,63.013837223156386,55.86769509124198,40.03684509489624,2024,Tunja
9,0.1412809166666355,0.07837148842855991,0.01020950548959825,0.08858099391815816,0.031210901591998418,11.525616317910167,62.698484698519216,55.472097915024285,39.82430628512171,2024,Tunja
10,0.141461666666637,0.07855482503484142,0.010220797317281833,0.08877562235212326,0.03113603877824417,11.513067491367893,62.75595675069232,55.530821095131465,39.63606152064422,2024,Tunja
11,0.14164333333333015,0.07858055250107558,0.010257370989137083,0.08883792349021268,0.03088387721170417,11.546162478985838,62.71945272648295,55.47776280875251,39.302188936991044,2024,Tunja
12,0.14182491666664476,0.0788164165130755,0.01006842067016825,0.08888483718324375,0.030950797269355335,11.327489580040895,62.672229444819564,55.573039184878304,39.269480444116176,2024,Tunja
1,0.14200658333334068,0.0786263385054415,0.010076459081448334,0.08870279758688983,0.03074300854772,11.359798513206783,62.463862945475114,55.36809397130351,39.100140146539275,2025,Tunja
2,0.1421879999999996,0.07862976548126958,0.009780261596825332,0.08841002707809492,0.03080762502372683,11.062389550210373,62.17826193356344,55.299860382922475,39.18061415440127,2025,Tunja
3,0.14236808333333564,0.07861771373161458,0.009772553099887917,0.08839026683150249,0.031014109079198254,11.05614164342013,62.08573211212559,55.221445629454614,39.44926354011556,2025,Tunja
4,0.14254758333334092,0.07879711144987767,0.009723480922115833,0.0885205923719935,0.03140073436516567,10.98442821220002,62.098977970739924,55.27776031503409,39.85010844609383,2025,Tunja
5,0.14272641666665542,0.07880644371670951,0.009863324359821166,0.08866976807653067,0.03150165497617025,11.123660943048993,62.12568783508612,55.21503696177411,39.97345076173116,2025,Tunja
6,0.1429040000000115,0.07869861304562559,0.009713435684170416,0.08841204872979601,0.031801376598119165,10.986551973087423,61.868141360485986,55.07096585513299,40.40906868292875,2025,Tunja
7,0.14308116666665716,0.07864093089740341,0.00970076291645275,0.08834169381385616,0.03163943171304059,10.980956440447162,61.74236335357113,54.96246132841287,40.23277872221279,2025,Tunja
8,0.1432574166666614,0.07885052166017842,0.009459200437046667,0.08830972209722508,0.03160113403400525,10.711391919716956,61.64408388202938,55.04114446210614,40.077266920561996,2025,Tunja
9,0.14343324999999524,0.07946302519984551,0.009256519772619501,0.088719544972465,0.03183475184126541,10.433461731000035,61.85423879921005,55.4007004650931,40.06234567737966,2025,Tunja
10,0.1436091666666576,0.07950682539212092,0.009176802936931001,0.08868362832905191,0.032192535497119,10.347798246234778,61.75345932819343,55.36333594684133,40.49027909031476,2025,Tunja
11,0.14378474999998475,0.07932343730012192,0.00913563745378625,0.08845907475390817,0.03210743838325792,10.327529967051383,61.521875410234784,55.16818529095077,40.47661003617221,2025,Tunja
12,0.14396033333329233,0.07931255398513376,0.00922196243851325,0.088534516423647,0.03212172630434425,10.416234041856837,61.49924383592161,55.093338663999816,40.50017896330145,2025,Tunja
1,0.144135833333276,0.07904127761229708,0.009291461593513083,0.08833273920581018,0.03170624122666125,10.518706514766302,61.28437125108513,54.83804809976366,40.11352319250525,2026,Tunja
2,0.14431108333325057,0.07911597068542126,0.009314917652642167,0.08843088833806341,0.031033816090684164,10.53355657474803,61.27796028933845,54.823211674409364,39.22572879005678,2026,Tunja
3,0.1444865833332261,0.07921164261633283,0.009199856115905417,0.08841149873223826,0.030675198246828083,10.405723517670436,61.19010962307612,54.82283599553936,38.725618146066694,2026,Tunja
4,0.14466199999989826,0.07910510646259275,0.009368052618183501,0.08847315908077624,0.030153555835258753,10.588581571536789,61.158534432565894,54.682713126217244,38.11834302949554,2026,Tunja
2,0.354924000000514,0.18559943839288898,0.037177848707972,0.222777287100861,0.12261039142376201,16.6883478974856,62.7676029517695,52.29272700426576,66.06183320674297,2022,Valledupar
3,0.355409999999734,0.179389455730704,0.038000883822514,0.217390339553218,0.12084300530674999,17.48048413770992,61.16607286046557,50.4739471964318,67.36349403286958,2022,Valledupar
4,0.355949000000168,0.192505602161446,0.032050680026805,0.22455628218825097,0.126542517449076,14.27289395534975,63.08664504975291,54.08235510181378,65.73445968754216,2022,Valledupar
5,0.35646400000016903,0.18109501169105702,0.035930920063447,0.217025931754504,0.119999000764402,16.556049211709613,60.88298727344166,50.80316993889177,66.26300727107652,2022,Valledupar
6,0.35699500000029,0.187712086900856,0.034555476377485,0.222267563278341,0.129899026896048,15.546792283951891,62.260693645053976,52.5811529295098,69.20120544217103,2022,Valledupar
7,0.357511000000188,0.179985931835899,0.037347542566274004,0.217333474402173,0.12134852376164999,17.18444094680179,60.790709768946606,50.34416614756032,67.42111593048767,2022,Valledupar
8,0.35804599999983006,0.17978161136345,0.04044604258278,0.22022765394622998,0.11666698140998999,18.365560300004454,61.508201165865415,50.211875391300374,64.89372329305345,2022,Valledupar
9,0.358579000000311,0.190768540490865,0.039440381745589996,0.23020892223645503,0.130902060914345,17.13242969144328,64.20033583568903,53.201258436969134,68.61826408983471,2022,Valledupar
10,0.359104999999473,0.192078209855175,0.027387425389048,0.219465635244223,0.131442150975478,12.479140690327698,61.11461417817772,53.488035492531964,68.43157850887097,2022,Valledupar
11,0.35964400000015995,0.18453879010037,0.029199375522260002,0.21373816562263,0.13011355055435,13.661282923992893,59.43048281704545,51.311516416313886,70.50742582824007,2022,Valledupar
12,0.360167000000117,0.182039892556732,0.0376638348903,0.219703727447032,0.12613492154805503,17.143011330738712,61.0005157182531,50.54319039686392,69.28971434585173,2022,Valledupar
1,0.35779225000009535,0.18479633273597118,0.035449554261890164,0.22024588699786132,0.12438202398143726,16.095444389494727,61.55691941281641,51.64905968084047,67.30762571958005,2023,Valledupar
2,0.35832041666667935,0.18373074890223332,0.035256723169864,0.21898747207209732,0.12294800308091051,16.09988134766742,61.114985885888316,51.27554567261661,66.91748867051835,2023,Valledupar
3,0.3588497500000405,0.18374802755962608,0.034659249171184334,0.21840727673081042,0.12243214126287126,15.869090851722067,60.863154211696056,51.2047249746183,66.63045197758225,2023,Valledupar
4,0.35938033333334696,0.18231348172207085,0.034569070972374084,0.21688255269444492,0.12106233298851093,15.939074186883412,60.34903209165685,50.72995509550159,66.40339038287102,2023,Valledupar
5,0.35991300000004456,0.18201082596172857,0.0338209169110635,0.21583174287279208,0.12080112508612241,15.6700383645593,59.96775411634627,50.570784039950226,66.37029662813752,2023,Valledupar
6,0.3604482500000405,0.18174787520344007,0.03340154575138141,0.2151494209548215,0.11937802560572318,15.524813221967856,59.6894064417839,50.42273757839569,65.68331292572032,2023,Valledupar
7,0.36098600000001163,0.18274850184578717,0.032215228499933586,0.21496373034572072,0.12010618806194266,14.986355348468622,59.54904908935909,50.62481698619372,65.7221191138927,2023,Valledupar
8,0.3615265000000067,0.18330837326851548,0.03102061563005525,0.21432898889857074,0.12044130877369184,14.473364424228901,59.28444772335272,50.7039935574604,65.70420468314663,2023,Valledupar
9,0.36206991666667304,0.1836337628702455,0.029438209064235332,0.21307197193448082,0.1199565206478061,13.816087023068205,58.84829479789067,50.71776317702237,65.32378293231766,2023,Valledupar
10,0.3626155000000495,0.18396676490985123,0.029088936534469836,0.21305570144432107,0.1193320722556776,13.65320727738037,58.755265961960255,50.7332877137977,64.86610356721421,2023,Valledupar
11,0.3631642500000407,0.18449345642612744,0.028769363884549,0.21326282031067642,0.11888589554904459,13.490098200257524,58.72351706167458,50.801656943409704,64.43908518600897,2023,Valledupar
12,0.36371541666668583,0.1851961600263957,0.027506798259839916,0.21270295828623556,0.11877883750644591,12.932024303500219,58.48060008992132,50.91787467345993,64.13677124272802,2023,Valledupar
1,0.36426875000001885,0.18474835765510458,0.02717102010420425,0.21191937775930883,0.11806215036865082,12.821394811315564,58.1766560429073,50.71759728362508,63.90430305694724,2024,Valledupar
2,0.3648241666667105,0.18572354034637759,0.026997342944973416,0.212720883291351,0.11867002002215259,12.691439847020932,58.30778296156151,50.90768576086341,63.896057441523546,2024,Valledupar
3,0.36538241666671545,0.18650750949487935,0.02647520764050008,0.2129827171353794,0.11846370577324533,12.430683576861073,58.290357559721365,51.044467655651495,63.51685575239414,2024,Valledupar
4,0.3659415000000461,0.18732798541639198,0.02627764633674733,0.21360563175313932,0.11851668381170673,12.301944532584232,58.371524342856006,51.19069179537396,63.266939826565824,2024,Valledupar
5,0.3665012499999852,0.18815216490846784,0.0259587434843265,0.21411090839279434,0.1180617576864426,12.123970553010885,58.42023960158471,51.33738695529018,62.74801979763412,2024,Valledupar
6,0.3670609999999845,0.18797807724970164,0.025366882532804915,0.21334495978250656,0.11769699807270849,11.890078190112883,58.12248094526947,51.211672514843464,62.612087427814835,2024,Valledupar
7,0.367620000000001,0.1869931628651121,0.02549155738900083,0.21248472025411294,0.116495520550828,11.996889639177434,57.80009799633109,50.86588402837484,62.2993476156464,2024,Valledupar
8,0.36817766666670915,0.18733607228371849,0.02532919710331008,0.2126652693870286,0.11632520858231025,11.91035902398035,57.76158866788156,50.8819760795821,62.09439920686336,2024,Valledupar
9,0.36873366666669477,0.186521202660939,0.025445144704454165,0.2119663473653932,0.11517153122547598,12.004332301198337,57.484945511361055,50.58426162901447,61.74715237861537,2024,Valledupar
10,0.3692875000000231,0.1853311247644891,0.026282309193679496,0.2116134339581686,0.11377905620861307,12.419962524153803,57.303167304107326,50.18613539978405,61.392308687058716,2024,Valledupar
11,0.3698381666666977,0.18560489755543974,0.026336587665776165,0.21194148522121592,0.11371601684359274,12.42634854534831,57.306547653374004,50.185436302659625,61.267788911456954,2024,Valledupar
12,0.37038608333336415,0.18594282979823737,0.026203411454466082,0.21214624125270343,0.11397940417316599,12.351579410380982,57.27705515916003,50.20243420724867,61.29809054581058,2024,Valledupar
1,0.3709311666666714,0.187125139626385,0.026145590349637832,0.2132707299760228,0.11565135290720767,12.25934302029035,57.49603946536893,50.447402764227846,61.80428409465332,2025,Valledupar
2,0.37147283333336706,0.1874790934378574,0.025689326589461336,0.21316842002731876,0.1162169174484929,12.051187782021886,57.38465936108367,50.469126303405865,61.98926787909536,2025,Valledupar
3,0.3720100000000104,0.1877567214831042,0.025238448114869,0.21299516959797324,0.11698370323290058,11.84930539152901,57.25522690195621,50.47088021373054,62.30600018408804,2025,Valledupar
4,0.37254433333335774,0.18873124071165467,0.024109574434380752,0.2128408151460354,0.11832479754122749,11.327514611254694,57.131674300782485,50.66007554670692,62.6948655109014,2025,Valledupar
5,0.3730760000000269,0.18977158849916556,0.023486960242133082,0.21325854874129865,0.11959412455616174,11.01337338210288,57.16222666193571,50.866737206132775,63.02003661453654,2025,Valledupar
6,0.37360516666668464,0.1919327248892292,0.023399734063496585,0.21533245895272576,0.1214833151779755,10.86679369069657,57.63637073703444,51.37314523823589,63.294737907820355,2025,Valledupar
7,0.37413291666670817,0.19356384091952972,0.023282215977429254,0.216846056896959,0.1229118801412951,10.736748599718606,57.959630718655454,51.73665087906814,63.49940131245548,2025,Valledupar
8,0.3746590833333369,0.1948868383723431,0.022923218696885832,0.21781005706922893,0.12425320172302967,10.524407828239033,58.13553354462295,52.01711290126413,63.75658959874776,2025,Valledupar
9,0.37518400000000307,0.1961428442356484,0.022940270513912914,0.21908311474956133,0.12570557130884216,10.471035405962908,58.39351218323796,52.27910684774585,64.0887878416905,2025,Valledupar
10,0.3757084166666656,0.1974199133448715,0.022152360181894915,0.21957227352676642,0.12738247859933075,10.088869521676873,58.44220245977997,52.54604490801853,64.5236219797175,2025,Valledupar
11,0.37623266666663097,0.19872826591112258,0.02164506448678075,0.22037333039790333,0.12877473814997625,9.821998173598725,58.573683234467744,52.820577136968815,64.79940715004695,2025,Valledupar
12,0.3767570833332976,0.19918913655985282,0.02135388034734575,0.22054301690719857,0.12913262079827417,9.682410555003502,58.53719191049569,52.8693806623512,64.82914833032177,2025,Valledupar
1,0.3772812499999907,0.198940438146522,0.02092525128602908,0.2198656894325511,0.12859049153730834,9.517288186271731,58.276336137180564,52.73000928260466,64.63768388938598,2026,Valledupar
2,0.37780591666663793,0.19999466196196483,0.020215604698574918,0.22021026666053975,0.1286513593661991,9.180137241165887,58.28661144416253,52.93582052036331,64.32739659354814,2026,Valledupar
3,0.37833108333330934,0.2006206875505069,0.02063389474794008,0.221254582298447,0.12897445769361968,9.325860975890357,58.481735190529385,53.02780987037225,64.28771592219269,2026,Valledupar
4,0.3788569166666617,0.20170863982437193,0.02112924520699758,0.2228378850313695,0.1287815265454795,9.481890928924926,58.81848139186384,53.2413771402373,63.8453199910573,2026,Valledupar
2,0.39660500000012794,0.24037373646399002,0.02737728594763,0.26775102241162,0.131294554299246,10.224904353695518,67.51075311998932,60.6078431850109,54.6210065336797,2022,Villavicencio
3,0.3969589999998991,0.242607399926549,0.027776461467212,0.270383861393761,0.130883338021556,10.272973144192594,68.11380051688708,61.116488082298346,53.94861742106044,2022,Villavicencio
4,0.397347999999767,0.22950585633671197,0.029192795613708,0.25869865195042,0.130334750711709,11.284479216885462,65.10631787515521,57.759408965653925,56.78929191266155,2022,Villavicencio
5,0.39772400000040503,0.237044242756703,0.028011174089511003,0.265055416846214,0.129569881134693,10.568044382116204,66.64305318410356,59.60018574601019,54.66063196805023,2022,Villavicencio
6,0.398110999999768,0.232617679793912,0.03143366483032,0.264051344624232,0.11815937909864,11.904375974700237,66.32606097907014,58.430357310912676,50.79552818312154,2022,Villavicencio
7,0.39848299999975,0.24024333896248,0.02591793525286,0.26616127421534,0.12586724215712,9.737680783678123,66.79363340857878,60.289482603431196,52.391563778913884,2022,Villavicencio
8,0.39886799999985,0.23009363303650002,0.028029202471660002,0.25812283550816,0.12055282365408002,10.858861989672324,64.71384906993217,57.686661511223406,52.392941978953665,2022,Villavicencio
9,0.39924999999995203,0.24480021942422403,0.026002920777589998,0.270803140201814,0.124693668259484,9.602148910906836,67.82796248011185,61.31502051953749,50.93691033152115,2022,Villavicencio
10,0.399623999999638,0.24324035114245798,0.02652092315732,0.269761274299778,0.127112954556078,9.831256627238517,67.50377212079913,60.86730305053709,52.25816932061246,2022,Villavicencio
11,0.40000800000006603,0.24027673506852798,0.02228501789789,0.262561752966418,0.11464656037618799,8.487533940535613,65.63912545908448,60.06798240747393,47.714382477974944,2022,Villavicencio
12,0.400378999999561,0.22754970189282403,0.030151864920238997,0.257701566813063,0.13427553369610198,11.70030329777203,64.36440642824563,56.83357566033022,59.009320855689715,2022,Villavicencio
1,0.39867674999992114,0.2364809870551917,0.028254917874237503,0.26473590492942917,0.12660107281899133,10.672869583659018,66.40364779974792,59.31647307128857,53.53541288689067,2023,Villavicencio
2,0.39905558333325386,0.2362081107900875,0.028620527992046663,0.2648286387821342,0.12602516770370084,10.807187668095002,66.36384750466556,59.19178196106797,53.353446366495184,2023,Villavicencio
3,0.3994341666666171,0.2360905199576255,0.02854076267888983,0.2646312826365153,0.12653556118816414,10.785105371722828,66.25153898198865,59.10624069239315,53.59620590054834,2023,Villavicencio
4,0.3998126666666375,0.23745182038603918,0.02902724883134042,0.26647906921737957,0.127338287546503,10.892881349589794,66.65098218100452,59.39076977369147,53.626999927598696,2023,Villavicencio
5,0.4001915833332979,0.23751532370929393,0.02866081714987033,0.26617614085916425,0.12687253209091606,10.767613151711814,66.51217865256315,59.35040455647971,53.41656702798733,2023,Villavicencio
6,0.40057116666667736,0.23826355888041625,0.028250596259898914,0.2665141551403152,0.12783488251155925,10.600035951195709,66.53353444235454,59.48095587186377,53.652721008720924,2023,Villavicencio
7,0.4009516666666808,0.23875239699124043,0.02875232516040975,0.26750472215165016,0.1283183673726209,10.74834303078578,66.71744860809675,59.5464283703103,53.74537344533079,2023,Villavicencio
8,0.4013335000000016,0.23898133240648456,0.02851729353272725,0.26749862593921186,0.1287390494278609,10.66072524021402,66.6524538667245,59.54681889413258,53.86991868004485,2023,Villavicencio
9,0.40171708333336725,0.23807603658252094,0.029251877666279753,0.2673279142488007,0.1289002420062039,10.942320688237286,66.54631464277487,59.264603488359036,54.142468035217405,2023,Villavicencio
10,0.40210233333339745,0.23805255860404895,0.02923085151920475,0.2672834101232537,0.1293338947642774,10.93627603214333,66.47148946077849,59.2019838906707,54.329974658830494,2023,Villavicencio
11,0.40248908333342487,0.2383000726260935,0.029599236450718918,0.2678993090768124,0.13022130873735024,11.04864232487893,66.5606398211011,59.206592798116716,54.6459374948135,2023,Villavicencio
12,0.4028780833334606,0.23997292569860232,0.02946223128664567,0.269435156985248,0.13031153677575844,10.93481326501826,66.87759104588412,59.56465134887412,54.30259951050695,2023,Villavicencio
1,0.40326850000009146,0.24011370457268066,0.0292681757573765,0.26938188033005717,0.13010661325300757,10.864938548025572,66.79963357663593,59.541894438228184,54.185417481502085,2024,Villavicencio
2,0.40366025000004485,0.24052565708704896,0.028856728731566503,0.2693823858186154,0.13045491400767176,10.712180992782784,66.73493013458359,59.58616363315987,54.237421316121235,2024,Villavicencio
3,0.4040544999999984,0.24092411760371268,0.028786806936157334,0.26971092453987,0.13052523189368373,10.673207614881735,66.75112504374313,59.62663888255511,54.17690565474227,2024,Villavicencio
4,0.40444958333332554,0.24109444251405418,0.02809961399209775,0.2691940565061519,0.12975226373506332,10.438422882288112,66.55812432480532,59.61050584526307,53.818023502345824,2024,Villavicencio
5,0.4048453333332964,0.24187653516163576,0.028331931154420256,0.270208466316056,0.1302977860764956,10.485212229168688,66.7436287560222,59.74541763150483,53.86954381061525,2024,Villavicencio
6,0.4052414999999339,0.2428600394821229,0.02839992758876175,0.2712599670708847,0.1302221794884418,10.46963468123565,66.93785485221255,59.92970598573011,53.6202578926236,2024,Villavicencio
7,0.40563749999994886,0.24235207079868792,0.028210124103700083,0.27056219490238803,0.12981470868061684,10.426484052540149,66.70048871280937,59.74597289420196,53.56451391267404,2024,Villavicencio
8,0.4060324166666493,0.24390972971055927,0.028330655237732,0.2722403849482912,0.13006942157365708,10.406485152125049,67.04892855187947,60.07149175746921,53.32686880839348,2024,Villavicencio
9,0.40642608333329017,0.24471108386634843,0.027725396247037834,0.2724364801133862,0.1297506949143521,10.176829562435511,67.03223323636303,60.21047710800412,53.02199347260331,2024,Villavicencio
10,0.40681766666663016,0.24468103355255974,0.027426417786283668,0.27210745133884345,0.1292116860387921,10.079260105277585,66.88683251355059,60.14513468832844,52.808214908507104,2024,Villavicencio
11,0.4072075833332524,0.24527515223508325,0.02660889806453008,0.2718840502996133,0.129848659430204,9.786855107979802,66.76792413197954,60.23344413857682,52.93999748729171,2024,Villavicencio
12,0.4075949166665889,0.24583525363307493,0.025870991338679247,0.27170624497175416,0.129631251320319,9.521677111753071,66.66085219949119,60.3136210931127,52.730944567373584,2024,Villavicencio
1,0.40798033333324657,0.2455951725417291,0.025281154500052586,0.27087632704178166,0.12893712214810985,9.33309853103297,66.39445701431015,60.19779692202027,52.49986016162518,2025,Villavicencio
2,0.40836349999995963,0.245596320887988,0.025001080920520915,0.27059740180850894,0.12860445426967518,9.239216915398615,66.26385605190858,60.14159465476524,52.364161565893056,2025,Villavicencio
3,0.40874266666667625,0.24606511100008385,0.024572267306790917,0.2706373783068748,0.12890233436668683,9.07940634827186,66.21216730661878,60.20049558485324,52.38545758998028,2025,Villavicencio
4,0.40912016666667395,0.24673249346190018,0.02406620303694675,0.27079869649884697,0.1299118535043085,8.887119232144908,66.19050307521925,60.30807414656797,52.652916396019464,2025,Villavicencio
5,0.40949541666668804,0.24803041106066023,0.023797501418310083,0.2718279124789703,0.1310438913730954,8.754620230603122,66.38118557996627,60.56976487786834,52.83380002182325,2025,Villavicencio
6,0.40986850000002545,0.24832465334525056,0.023560743712008336,0.2718853970572589,0.13175440585767434,8.665689281961127,66.33478714691225,60.58642060691054,53.05731995706993,2025,Villavicencio
7,0.4102401666666888,0.24963519601809472,0.022519376355633336,0.2721545723737281,0.13204247999057017,8.274480255547306,66.34030367749138,60.85098834822722,52.89417602035537,2025,Villavicencio
8,0.4106106666666734,0.2495242566132634,0.02181068726937642,0.27133494388263985,0.13189103619887158,8.038289118710109,66.08083177315626,60.7690634631815,52.85699995222867,2025,Villavicencio
9,0.4109803333333475,0.2504328417565776,0.021046112345344748,0.2714789541019223,0.13289596180384575,7.752391862185874,66.05643435539405,60.93548071397633,53.066507120907694,2025,Villavicencio
10,0.4113494166666887,0.2520462191204566,0.02078131075362,0.2728275298740766,0.13437310750766682,7.6170138560473,66.32500711557962,61.273022133561575,53.3128836356192,2025,Villavicencio
11,0.41171825000002354,0.2532229982128722,0.020934104265433583,0.27415710247830577,0.1351114273564834,7.635805921566491,66.58852321418594,61.50395281551345,53.356696789010385,2025,Villavicencio
12,0.4120870833333646,0.253303467974278,0.021000198141222,0.2743036661155,0.13554778072921841,7.655821170242591,66.56449017927542,61.468431848266405,53.512011427724616,2025,Villavicencio
1,0.4124558333334378,0.25523929976630133,0.020860294281034503,0.27609959404733586,0.13612819822790675,7.555351304666573,66.94040227675269,61.88281971998699,53.33355731368429,2026,Villavicencio
2,0.4128246666667763,0.25660245285791417,0.02064932876233117,0.27725178162024533,0.13724927164048725,7.447861521991866,67.15969369244046,62.15773270763359,53.487123802547934,2026,Villavicencio
3,0.41319425000010385,0.25685200425578497,0.020618789975017,0.27747079423080195,0.13605296596994806,7.430976666274347,67.15262717976647,62.162531123247824,52.969400166510006,2026,Villavicencio
4,0.41356358333343385,0.2570141339935675,0.020613881143385332,0.27762801513695284,0.1356653699432214,7.425000367205947,67.13067260400355,62.14621991664845,52.78517871185123,2026,Villavicencio
1,0.1180829999999,0.07821918093633,0.01435583147519,0.09257501241152,0.03724046285753,15.507242290581175,78.39825581294377,66.24084833244093,47.610397362564484,2023,Yopal
2,0.11819899999997,0.0795979883445,0.00898705563047,0.08858504397497,0.03784290729725,10.145116181247618,74.94567972232632,67.34235344167058,47.5425423233888,2023,Yopal
3,0.118298,0.08075472419933,0.011290242692059999,0.09204496689139001,0.03943832446353,12.266007662735225,77.80771178835653,68.26381189819777,48.837173124612335,2023,Yopal
4,0.11841600000010999,0.08537615742910999,0.0076027548525,0.09297891228161,0.04102490562575001,8.176859317812998,78.51887606533208,72.09849803154192,48.051946657137904,2023,Yopal
5,0.11853599999987999,0.07541840969883,0.00884029259719,0.08425870229601999,0.045387412596480006,10.491845181916096,71.08279535002472,63.62489851092188,60.180813647127486,2023,Yopal
6,0.11866299999984002,0.08278959470198999,0.00746235717283,0.09025195187481999,0.03971668711886,8.268360980359,76.05736571209363,69.76866816286594,47.973042097650634,2023,Yopal
7,0.11879600000002001,0.08499836860734,0.01003990284875,0.09503827145609,0.0459235965567,10.564062976869987,80.00123864109398,71.54985740877275,54.02879762181022,2023,Yopal
8,0.11893799999986,0.08144344759552,0.00859331912123,0.09003676671675001,0.0480732212388,9.544233355540232,75.70058914464342,68.47554826515989,59.026505701907915,2023,Yopal
9,0.11908300000001999,0.08438198617008,0.0058954690461700005,0.09027745521625001,0.03308601459254,6.530389045690348,75.81053149167795,70.85980884766578,39.2098077969532,2023,Yopal
10,0.11923099999994002,0.08451090508098,0.0049475113843,0.08945841646528,0.04545594041401,5.530515271550994,75.02949439770278,70.87997675187032,53.78707087618246,2023,Yopal
11,0.11938799999991999,0.08199560825636,0.008946447658070001,0.09094205591443001,0.038894631475910005,9.837525189102795,76.17353160660281,68.67994124737406,47.43501792718653,2023,Yopal
12,0.11876408333328582,0.0813150321609725,0.0088417267463225,0.090156758907295,0.041457486097855836,9.807059230483356,75.9124782315622,68.46769652806512,50.98379106065648,2023,Yopal
1,0.11889899999994334,0.08110109301264416,0.008847908222398334,0.0899490012350425,0.041240070286188334,9.836583064750416,75.65160450053017,68.21007158401905,50.850202820027036,2024,Yopal
2,0.119037833333295,0.08085606705863,0.009076019015523332,0.08993208607415333,0.0406236418675825,10.092081048848037,75.54916244346597,67.92467973794552,50.241921658303845,2024,Yopal
3,0.11918066666663583,0.08057140092951834,0.00936414278259,0.08993554371210834,0.040564368662359164,10.412060011073546,75.46152092240767,67.60442207869775,50.34586490291234,2024,Yopal
4,0.1193273333332925,0.08079548185633749,0.009350119573750834,0.09014560143008833,0.040314497289109165,10.37224160182928,75.5448051271733,67.70911542175176,49.896969933037106,2024,Yopal
5,0.11947724999995916,0.0814726035697625,0.009183111725748334,0.09065571529551085,0.039956942028595836,10.129655583008862,75.87696845679143,68.19089288529017,49.043408799845125,2024,Yopal
6,0.11962974999997918,0.08144201003693,0.0093147491424125,0.0907567591793425,0.03958103944598584,10.263421949659774,75.86470688048608,68.07839190246922,48.60027328406772,2024,Yopal
7,0.11978333333331916,0.08117152348706667,0.009175752409644999,0.09034727589671167,0.039552539012503336,10.156091944747795,75.42558165859666,67.76529023548875,48.72711181625829,2024,Yopal
8,0.11993808333333333,0.08121310442512666,0.009020062801735833,0.09023316722686249,0.038868684028605834,9.996393874835142,75.23312422467635,67.71252480283368,47.86011359095415,2024,Yopal
9,0.12009283333333666,0.081174271957025,0.009034714144757499,0.0902089861017825,0.039419304041803334,10.015315031435627,75.11604447818563,67.59293598454202,48.56132748892724,2024,Yopal
10,0.12024699999999999,0.08124936478344416,0.009268782753115833,0.09051814753656,0.039318578687217505,10.239695580791908,75.27684477497152,67.56872502718917,48.392475180592776,2024,Yopal
11,0.12040025000000416,0.08120654668402917,0.009065947763374167,0.09027249444740333,0.0395949469238175,10.042868338657,74.97699917350687,67.44715786223564,48.758318806339055,2024,Yopal
12,0.12055225000001167,0.08204660834582,0.008885745177646667,0.09093235352346667,0.039642423121108335,9.771819196732379,75.42982692024235,68.05896061318812,48.31695535057176,2024,Yopal
1,0.12070241666668084,0.08222938925104917,0.008705709734635,0.09093509898568418,0.03977993320233584,9.573541824599026,75.33825874986499,68.12571903852202,48.37678300259087,2025,Yopal
2,0.12085033333334583,0.08258015497307918,0.008491281952718333,0.09107143692579751,0.040551374816185835,9.323759720225777,75.35886282960584,68.33258353147886,49.10547192531357,2025,Yopal
3,0.12099625000001084,0.082932925677165,0.007906632396738333,0.09083955807390333,0.0407336551810125,8.70395295219933,75.07634168323001,68.54173222488924,49.116385137041206,2025,Yopal
4,0.12114016666668832,0.08208894224698916,0.008213431337210834,0.0903023735842,0.040464455573159995,9.095476687057891,74.54370921633523,67.76360352289524,49.2934303519353,2025,Yopal
5,0.12128175000002084,0.081689573526745,0.008395779058140833,0.09008535258488583,0.04014267576489667,9.319804848662427,74.27774795867502,67.35520680294518,49.14051332604159,2025,Yopal
6,0.12142133333334999,0.0818557813746875,0.008387120030371667,0.09024290140505915,0.040043257543216665,9.293938802705066,74.32211369093304,67.41466192762086,48.91927835850988,2025,Yopal
7,0.12155991666665916,0.08164371654186917,0.008500842782553334,0.0901445593244225,0.040080182008260835,9.430233889057613,74.15648331811245,67.16335349731446,49.09156969563801,2025,Yopal
8,0.121696916666645,0.08156684764837917,0.008464938542146668,0.09003178619052583,0.04055307079069917,9.402166612837282,73.98033463505323,67.02458031193096,49.717589878569996,2025,Yopal
9,0.12183316666663334,0.081681599589375,0.008301676193637501,0.0899832757830125,0.04045568448724166,9.225799040319817,73.85778293790042,67.0438123084141,49.528516447545265,2025,Yopal
10,0.12196891666661584,0.08136652645324917,0.008194446775019999,0.08956097322826917,0.04010040790310083,9.149573167471443,73.42934222583199,66.71087083248648,49.28366694643325,2025,Yopal
11,0.12210391666663084,0.08186686472528333,0.0081134589923975,0.08998032371768083,0.04090551267149917,9.016925764630509,73.69159497425942,67.04687856065826,49.965896225247924,2025,Yopal
12,0.12223908333329085,0.0815696597581675,0.00810557319916,0.0896752329573275,0.040633612868438335,9.038809191627175,73.3605247290865,66.72960687684791,49.814616107148495,2025,Yopal
1,0.122373916666625,0.08137411791255417,0.008298989648615,0.08967310756116918,0.040550479188469164,9.254714009943244,73.27795824780175,66.49629277964208,49.832158220191474,2026,Yopal
2,0.12250874999994667,0.08182856548313751,0.008120922684345,0.0899494881674825,0.04071081293875,9.028314501605783,73.42290911263208,66.7940579617155,49.75134624245529,2026,Yopal
3,0.12264374999993417,0.08219541272494417,0.008136123444275833,0.09033153616922,0.04024770170395917,9.00695791227801,73.65359928187819,67.01965059368152,48.96587336162258,2026,Yopal
4,0.12277883333325917,0.08273944226734334,0.0077127370364683335,0.09045217930381166,0.0402221110392425,8.526867009541823,73.67082488745994,67.38901162447381,48.61298304293487,2026,Yopal
