PET_M,PEA_M,Ocupados_M,Desocupados_M,TD_%,TGP_%,TO_%,Año
33.868679507884416,23.807491200900905,21.84319723734236,2.1392817235998027,9.0,70.3,64.5,2025
